ts_code,symbol,name,area,industry,list_date,filter_time
000004.SZ,000004,国华网安,深圳,软件服务,19910114,2025-01-09 19:14:53
000006.SZ,000006,深振业A,深圳,区域地产,19920427,2025-01-09 19:14:53
000007.SZ,000007,全新好,深圳,其他商业,19920413,2025-01-09 19:14:53
000017.SZ,000017,深中华A,深圳,服饰,19920331,2025-01-09 19:14:53
000021.SZ,000021,深科技,深圳,元器件,19940202,2025-01-09 19:14:53
000025.SZ,000025,特力A,深圳,综合类,19930621,2025-01-09 19:14:53
000029.SZ,000029,深深房A,深圳,区域地产,19930915,2025-01-09 19:14:53
000036.SZ,000036,华联控股,深圳,全国地产,19940617,2025-01-09 19:14:53
000042.SZ,000042,中洲控股,深圳,全国地产,19940921,2025-01-09 19:14:53
000045.SZ,000045,深纺织A,深圳,元器件,19940815,2025-01-09 19:14:53
000058.SZ,000058,深赛格,深圳,商品城,19961226,2025-01-09 19:14:53
000068.SZ,000068,华控赛格,深圳,环境保护,19970611,2025-01-09 19:14:53
000100.SZ,000100,TCL科技,广东,元器件,20040130,2025-01-09 19:14:53
000151.SZ,000151,中成股份,北京,商贸代理,20000906,2025-01-09 19:14:53
000153.SZ,000153,丰原药业,安徽,化学制药,20000920,2025-01-09 19:14:53
000155.SZ,000155,川能动力,四川,新型电力,20000926,2025-01-09 19:14:53
000158.SZ,000158,常山北明,河北,软件服务,20000724,2025-01-09 19:14:53
000159.SZ,000159,国际实业,新疆,石油贸易,20000926,2025-01-09 19:14:53
000301.SZ,000301,东方盛虹,江苏,化纤,20000529,2025-01-09 19:14:53
000402.SZ,000402,金融街,北京,全国地产,19960626,2025-01-09 19:14:53
000409.SZ,000409,云鼎科技,山东,软件服务,19960627,2025-01-09 19:14:53
000410.SZ,000410,沈阳机床,辽宁,机床制造,19960718,2025-01-09 19:14:53
000415.SZ,000415,渤海租赁,新疆,多元金融,19960716,2025-01-09 19:14:53
000417.SZ,000417,合百集团,安徽,百货,19960812,2025-01-09 19:14:53
000420.SZ,000420,吉林化纤,吉林,化纤,19960802,2025-01-09 19:14:53
000428.SZ,000428,华天酒店,湖南,酒店餐饮,19960808,2025-01-09 19:14:53
000501.SZ,000501,武商集团,湖北,百货,19921120,2025-01-09 19:14:53
000503.SZ,000503,国新健康,山东,软件服务,19921130,2025-01-09 19:14:53
000504.SZ,000504,南华生物,湖南,医疗保健,19921208,2025-01-09 19:14:53
000505.SZ,000505,京粮控股,海南,食品,19921221,2025-01-09 19:14:53
000509.SZ,000509,华塑控股,四川,元器件,19930507,2025-01-09 19:14:53
000510.SZ,000510,新金路,四川,化工原料,19930507,2025-01-09 19:14:53
000514.SZ,000514,渝开发,重庆,区域地产,19930712,2025-01-09 19:14:53
000516.SZ,000516,国际医学,陕西,医疗保健,19930809,2025-01-09 19:14:53
000519.SZ,000519,中兵红箭,湖南,专用机械,19931008,2025-01-09 19:14:53
000520.SZ,000520,凤凰航运,湖北,水运,19931025,2025-01-09 19:14:53
000530.SZ,000530,冰山冷热,辽宁,机械基件,19931208,2025-01-09 19:14:53
000534.SZ,000534,万泽股份,广东,生物制药,19940110,2025-01-09 19:14:53
000536.SZ,000536,华映科技,福建,元器件,19931126,2025-01-09 19:14:53
000546.SZ,000546,金圆股份,吉林,环境保护,19931215,2025-01-09 19:14:53
000548.SZ,000548,湖南投资,湖南,路桥,19931220,2025-01-09 19:14:53
000551.SZ,000551,创元科技,江苏,专用机械,19940106,2025-01-09 19:14:53
000553.SZ,000553,安道麦A,湖北,农药化肥,19931203,2025-01-09 19:14:53
000555.SZ,000555,神州信息,深圳,软件服务,19940408,2025-01-09 19:14:53
000557.SZ,000557,西部创业,宁夏,铁路,19940617,2025-01-09 19:14:53
000558.SZ,000558,莱茵体育,四川,旅游景点,19940509,2025-01-09 19:14:53
000559.SZ,000559,万向钱潮,浙江,汽车配件,19940110,2025-01-09 19:14:53
000561.SZ,000561,烽火电子,陕西,通信设备,19940509,2025-01-09 19:14:53
000563.SZ,000563,陕国投A,陕西,多元金融,19940110,2025-01-09 19:14:53
000564.SZ,000564,供销大集,陕西,百货,19940110,2025-01-09 19:14:53
000565.SZ,000565,渝三峡A,重庆,染料涂料,19940408,2025-01-09 19:14:53
000566.SZ,000566,海南海药,海南,化学制药,19940525,2025-01-09 19:14:53
000567.SZ,000567,海德股份,海南,多元金融,19940525,2025-01-09 19:14:53
000571.SZ,000571,新大洲A,海南,煤炭开采,19940525,2025-01-09 19:14:53
000572.SZ,000572,海马汽车,海南,汽车整车,19940808,2025-01-09 19:14:53
000576.SZ,000576,甘化科工,广东,电气设备,19940907,2025-01-09 19:14:53
000586.SZ,000586,汇源通信,四川,通信设备,19951220,2025-01-09 19:14:53
000590.SZ,000590,启迪药业,湖南,中成药,19960119,2025-01-09 19:14:53
000595.SZ,000595,宝塔实业,宁夏,机械基件,19960419,2025-01-09 19:14:53
000599.SZ,000599,青岛双星,山东,汽车配件,19960430,2025-01-09 19:14:53
000600.SZ,000600,建投能源,河北,火力发电,19960606,2025-01-09 19:14:53
000603.SZ,000603,盛达资源,北京,铅锌,19960823,2025-01-09 19:14:53
000605.SZ,000605,渤海股份,北京,水务,19960913,2025-01-09 19:14:53
000610.SZ,000610,西安旅游,陕西,旅游服务,19960926,2025-01-09 19:14:53
000617.SZ,000617,中油资本,新疆,多元金融,19961022,2025-01-09 19:14:53
000619.SZ,000619,海螺新材,安徽,其他建材,19961023,2025-01-09 19:14:53
000625.SZ,000625,长安汽车,重庆,汽车整车,19970610,2025-01-09 19:14:53
000626.SZ,000626,远大控股,江苏,商贸代理,19961128,2025-01-09 19:14:53
000627.SZ,000627,天茂集团,湖北,保险,19961112,2025-01-09 19:14:53
000635.SZ,000635,英力特,宁夏,化工原料,19961120,2025-01-09 19:14:53
000637.SZ,000637,茂化实华,广东,石油加工,19961114,2025-01-09 19:14:53
000638.SZ,000638,万方发展,吉林,农业综合,19961126,2025-01-09 19:14:53
000639.SZ,000639,西王食品,山东,食品,19961126,2025-01-09 19:14:53
000652.SZ,000652,泰达股份,天津,批发业,19961128,2025-01-09 19:14:53
000655.SZ,000655,金岭矿业,山东,普钢,19961128,2025-01-09 19:14:53
000663.SZ,000663,永安林业,福建,林业,19961206,2025-01-09 19:14:53
000665.SZ,000665,湖北广电,湖北,影视音像,19961210,2025-01-09 19:14:53
000670.SZ,000670,盈方微,湖北,元器件,19961217,2025-01-09 19:14:53
000672.SZ,000672,上峰水泥,甘肃,水泥,19961218,2025-01-09 19:14:53
000676.SZ,000676,智度股份,广东,互联网,19961224,2025-01-09 19:14:53
000677.SZ,000677,恒天海龙,山东,化纤,19961226,2025-01-09 19:14:53
000678.SZ,000678,襄阳轴承,湖北,汽车配件,19970106,2025-01-09 19:14:53
000679.SZ,000679,大连友谊,辽宁,百货,19970124,2025-01-09 19:14:53
000688.SZ,000688,国城矿业,四川,铅锌,19970120,2025-01-09 19:14:53
000692.SZ,000692,惠天热电,辽宁,供气供热,19970227,2025-01-09 19:14:53
000695.SZ,000695,滨海能源,天津,广告包装,19970218,2025-01-09 19:14:53
000698.SZ,000698,沈阳化工,辽宁,石油加工,19970220,2025-01-09 19:14:53
000700.SZ,000700,模塑科技,江苏,汽车配件,19970228,2025-01-09 19:14:53
000701.SZ,000701,厦门信达,福建,商贸代理,19970226,2025-01-09 19:14:53
000710.SZ,000710,贝瑞基因,四川,医疗保健,19970422,2025-01-09 19:14:53
000712.SZ,000712,锦龙股份,广东,证券,19970415,2025-01-09 19:14:53
000713.SZ,000713,丰乐种业,安徽,种植业,19970422,2025-01-09 19:14:53
000715.SZ,000715,中兴商业,辽宁,百货,19970508,2025-01-09 19:14:53
000716.SZ,000716,黑芝麻,广西,食品,19970418,2025-01-09 19:14:53
000719.SZ,000719,中原传媒,河南,出版业,19970331,2025-01-09 19:14:53
000720.SZ,000720,新能泰山,山东,电气设备,19970509,2025-01-09 19:14:53
000721.SZ,000721,西安饮食,陕西,酒店餐饮,19970430,2025-01-09 19:14:53
000723.SZ,000723,美锦能源,山西,焦炭加工,19970515,2025-01-09 19:14:53
000735.SZ,000735,罗牛山,海南,农业综合,19970611,2025-01-09 19:14:53
000736.SZ,000736,中交地产,重庆,全国地产,19970425,2025-01-09 19:14:53
000737.SZ,000737,北方铜业,山西,铜,19970428,2025-01-09 19:14:53
000753.SZ,000753,漳州发展,福建,综合类,19970626,2025-01-09 19:14:53
000755.SZ,000755,山西高速,山西,路桥,19970627,2025-01-09 19:14:53
000757.SZ,000757,浩物股份,四川,汽车服务,19970627,2025-01-09 19:14:53
000759.SZ,000759,中百集团,湖北,超市连锁,19970519,2025-01-09 19:14:53
000766.SZ,000766,通化金马,吉林,化学制药,19970430,2025-01-09 19:14:53
000779.SZ,000779,甘咨询,甘肃,建筑工程,19970528,2025-01-09 19:14:53
000790.SZ,000790,华神科技,四川,中成药,19980327,2025-01-09 19:14:53
000795.SZ,000795,英洛华,浙江,矿物制品,19970808,2025-01-09 19:14:53
000796.SZ,000796,凯撒旅业,海南,旅游服务,19970703,2025-01-09 19:14:53
000798.SZ,000798,中水渔业,北京,渔业,19980212,2025-01-09 19:14:53
000801.SZ,000801,四川九洲,四川,家用电器,19980506,2025-01-09 19:14:53
000802.SZ,000802,北京文化,北京,影视音像,19980108,2025-01-09 19:14:53
000803.SZ,000803,山高环能,四川,环境保护,19980303,2025-01-09 19:14:53
000810.SZ,000810,创维数字,四川,家用电器,19980602,2025-01-09 19:14:53
000811.SZ,000811,冰轮环境,山东,工程机械,19980528,2025-01-09 19:14:53
000812.SZ,000812,陕西金叶,陕西,广告包装,19980623,2025-01-09 19:14:53
000813.SZ,000813,德展健康,新疆,化学制药,19980519,2025-01-09 19:14:53
000815.SZ,000815,美利云,宁夏,造纸,19980609,2025-01-09 19:14:53
000818.SZ,000818,航锦科技,辽宁,化工原料,19971017,2025-01-09 19:14:53
000819.SZ,000819,岳阳兴长,湖南,石油加工,19970625,2025-01-09 19:14:53
000821.SZ,000821,京山轻机,湖北,电气设备,19980626,2025-01-09 19:14:53
000822.SZ,000822,山东海化,山东,化工原料,19980703,2025-01-09 19:14:53
000823.SZ,000823,超声电子,广东,元器件,19971008,2025-01-09 19:14:53
000829.SZ,000829,天音控股,江西,其他商业,19971202,2025-01-09 19:14:53
000833.SZ,000833,粤桂股份,广西,综合类,19981111,2025-01-09 19:14:53
000837.SZ,000837,秦川机床,陕西,机床制造,19980928,2025-01-09 19:14:53
000852.SZ,000852,石化机械,湖北,化工机械,19981126,2025-01-09 19:14:53
000859.SZ,000859,国风新材,安徽,塑料,19981119,2025-01-09 19:14:53
000863.SZ,000863,三湘印象,上海,区域地产,19970925,2025-01-09 19:14:53
000875.SZ,000875,吉电股份,吉林,火力发电,20020926,2025-01-09 19:14:53
000881.SZ,000881,中广核技,辽宁,化工原料,19980902,2025-01-09 19:14:53
000886.SZ,000886,海南高速,海南,区域地产,19980123,2025-01-09 19:14:53
000890.SZ,000890,法尔胜,江苏,环境保护,19990119,2025-01-09 19:14:53
000892.SZ,000892,欢瑞世纪,重庆,影视音像,19990115,2025-01-09 19:14:53
000893.SZ,000893,亚钾国际,广东,农药化肥,19981224,2025-01-09 19:14:53
000900.SZ,000900,现代投资,湖南,路桥,19990128,2025-01-09 19:14:53
000901.SZ,000901,航天科技,黑龙江,汽车配件,19990401,2025-01-09 19:14:53
000903.SZ,000903,云内动力,云南,汽车配件,19990415,2025-01-09 19:14:53
000905.SZ,000905,厦门港务,福建,港口,19990429,2025-01-09 19:14:53
000906.SZ,000906,浙商中拓,浙江,仓储物流,19990707,2025-01-09 19:14:53
000911.SZ,000911,广农糖业,广西,食品,19990527,2025-01-09 19:14:53
000912.SZ,000912,泸天化,四川,农药化肥,19990603,2025-01-09 19:14:53
000917.SZ,000917,电广传媒,湖南,广告包装,19990325,2025-01-09 19:14:53
000920.SZ,000920,沃顿科技,贵州,塑料,19990616,2025-01-09 19:14:53
000922.SZ,000922,佳电股份,黑龙江,电气设备,19990618,2025-01-09 19:14:53
000925.SZ,000925,众合科技,浙江,运输设备,19990611,2025-01-09 19:14:53
000929.SZ,000929,兰州黄河,甘肃,啤酒,19990623,2025-01-09 19:14:53
000932.SZ,000932,华菱钢铁,湖南,普钢,19990803,2025-01-09 19:14:53
000935.SZ,000935,四川双马,四川,水泥,19990824,2025-01-09 19:14:53
000936.SZ,000936,华西股份,江苏,化纤,19990810,2025-01-09 19:14:53
000948.SZ,000948,南天信息,云南,软件服务,19991014,2025-01-09 19:14:53
000949.SZ,000949,新乡化纤,河南,化纤,19991021,2025-01-09 19:14:53
000952.SZ,000952,广济药业,湖北,化学制药,19991112,2025-01-09 19:14:53
000953.SZ,000953,河化股份,广西,化学制药,19991202,2025-01-09 19:14:53
000955.SZ,000955,欣龙控股,海南,纺织,19991209,2025-01-09 19:14:53
000957.SZ,000957,中通客车,山东,汽车整车,20000113,2025-01-09 19:14:53
000958.SZ,000958,电投产融,河北,多元金融,19991223,2025-01-09 19:14:53
000969.SZ,000969,安泰科技,北京,小金属,20000529,2025-01-09 19:14:53
000970.SZ,000970,中科三环,北京,矿物制品,20000420,2025-01-09 19:14:53
000973.SZ,000973,佛塑科技,广东,塑料,20000525,2025-01-09 19:14:53
000985.SZ,000985,大庆华科,黑龙江,化工原料,20000726,2025-01-09 19:14:53
000987.SZ,000987,越秀资本,广东,多元金融,20000718,2025-01-09 19:14:53
000997.SZ,000997,新大陆,福建,IT设备,20000807,2025-01-09 19:14:53
000998.SZ,000998,隆平高科,湖南,种植业,20001211,2025-01-09 19:14:53
001203.SZ,001203,大中矿业,内蒙,普钢,20210510,2025-01-09 19:14:53
001206.SZ,001206,依依股份,天津,造纸,20210518,2025-01-09 19:14:53
001209.SZ,001209,洪兴股份,广东,服饰,20210723,2025-01-09 19:14:53
001222.SZ,001222,源飞宠物,浙江,文教休闲,20220818,2025-01-09 19:14:53
001239.SZ,001239,永达股份,湖南,工程机械,20231212,2025-01-09 19:14:53
001258.SZ,001258,立新能源,新疆,新型电力,20220727,2025-01-09 19:14:53
001267.SZ,001267,汇绿生态,湖北,建筑工程,20211117,2025-01-09 19:14:53
001278.SZ,001278,一彬科技,浙江,汽车配件,20230308,2025-01-09 19:14:53
001282.SZ,001282,三联锻造,安徽,汽车配件,20230524,2025-01-09 19:14:53
001287.SZ,001287,中电港,深圳,元器件,20230410,2025-01-09 19:14:53
001289.SZ,001289,龙源电力,北京,新型电力,20220124,2025-01-09 19:14:53
001296.SZ,001296,长江材料,重庆,其他建材,20211224,2025-01-09 19:14:53
001300.SZ,001300,三柏硕,山东,文教休闲,20221019,2025-01-09 19:14:53
001313.SZ,001313,粤海饲料,广东,饲料,20220216,2025-01-09 19:14:53
001318.SZ,001318,阳光乳业,江西,乳制品,20220520,2025-01-09 19:14:53
001324.SZ,001324,长青科技,江苏,运输设备,20230522,2025-01-09 19:14:53
001330.SZ,001330,博纳影业,新疆,影视音像,20220818,2025-01-09 19:14:53
001336.SZ,001336,楚环科技,浙江,专用机械,20220725,2025-01-09 19:14:53
001376.SZ,001376,百通能源,江西,供气供热,20231103,2025-01-09 19:14:53
001896.SZ,001896,豫能控股,河南,火力发电,19980122,2025-01-09 19:14:53
002006.SZ,002006,精工科技,浙江,专用机械,20040625,2025-01-09 19:14:53
002009.SZ,002009,天奇股份,江苏,工程机械,20040629,2025-01-09 19:14:53
002010.SZ,002010,传化智联,浙江,仓储物流,20040629,2025-01-09 19:14:53
002016.SZ,002016,世荣兆业,广东,区域地产,20040708,2025-01-09 19:14:53
002022.SZ,002022,科华生物,上海,医疗保健,20040721,2025-01-09 19:14:53
002026.SZ,002026,山东威达,山东,机械基件,20040727,2025-01-09 19:14:53
002029.SZ,002029,七匹狼,福建,服饰,20040806,2025-01-09 19:14:53
002030.SZ,002030,达安基因,广东,医疗保健,20040809,2025-01-09 19:14:53
002036.SZ,002036,联创电子,江西,元器件,20040903,2025-01-09 19:14:53
002037.SZ,002037,保利联合,贵州,化工原料,20040908,2025-01-09 19:14:53
002040.SZ,002040,南京港,江苏,港口,20050325,2025-01-09 19:14:53
002042.SZ,002042,华孚时尚,安徽,纺织,20050427,2025-01-09 19:14:53
002044.SZ,002044,美年健康,江苏,医疗保健,20050518,2025-01-09 19:14:53
002045.SZ,002045,国光电器,广东,元器件,20050523,2025-01-09 19:14:53
002046.SZ,002046,国机精工,河南,机械基件,20050526,2025-01-09 19:14:53
002054.SZ,002054,德美化工,广东,染料涂料,20060725,2025-01-09 19:14:53
002057.SZ,002057,中钢天源,安徽,矿物制品,20060802,2025-01-09 19:14:53
002058.SZ,002058,威尔泰,上海,电器仪表,20060802,2025-01-09 19:14:53
002065.SZ,002065,东华软件,北京,软件服务,20060823,2025-01-09 19:14:53
002066.SZ,002066,瑞泰科技,北京,其他建材,20060823,2025-01-09 19:14:53
002067.SZ,002067,景兴纸业,浙江,造纸,20060915,2025-01-09 19:14:53
002068.SZ,002068,黑猫股份,江西,化工原料,20060915,2025-01-09 19:14:53
002069.SZ,002069,獐子岛,辽宁,渔业,20060928,2025-01-09 19:14:53
002072.SZ,002072,凯瑞德,湖北,商贸代理,20061018,2025-01-09 19:14:53
002073.SZ,002073,软控股份,山东,专用机械,20061018,2025-01-09 19:14:53
002075.SZ,002075,沙钢股份,江苏,特种钢,20061025,2025-01-09 19:14:53
002077.SZ,002077,大港股份,江苏,半导体,20061116,2025-01-09 19:14:53
002079.SZ,002079,苏州固锝,江苏,电气设备,20061116,2025-01-09 19:14:53
002081.SZ,002081,金螳螂,江苏,装修装饰,20061120,2025-01-09 19:14:53
002082.SZ,002082,万邦德,浙江,中成药,20061120,2025-01-09 19:14:53
002083.SZ,002083,孚日股份,山东,纺织,20061124,2025-01-09 19:14:53
002085.SZ,002085,万丰奥威,浙江,汽车配件,20061128,2025-01-09 19:14:53
002093.SZ,002093,国脉科技,福建,文教休闲,20061215,2025-01-09 19:14:53
002094.SZ,002094,青岛金王,山东,日用化工,20061215,2025-01-09 19:14:53
002095.SZ,002095,生意宝,浙江,互联网,20061215,2025-01-09 19:14:53
002097.SZ,002097,山河智能,湖南,工程机械,20061222,2025-01-09 19:14:53
002101.SZ,002101,广东鸿图,广东,汽车配件,20061229,2025-01-09 19:14:53
002103.SZ,002103,广博股份,浙江,文教休闲,20070110,2025-01-09 19:14:53
002105.SZ,002105,信隆健康,深圳,摩托车,20070112,2025-01-09 19:14:53
002108.SZ,002108,沧州明珠,河北,塑料,20070124,2025-01-09 19:14:53
002110.SZ,002110,三钢闽光,福建,普钢,20070126,2025-01-09 19:14:53
002114.SZ,002114,罗平锌电,云南,铅锌,20070215,2025-01-09 19:14:53
002115.SZ,002115,三维通信,浙江,互联网,20070215,2025-01-09 19:14:53
002117.SZ,002117,东港股份,山东,广告包装,20070302,2025-01-09 19:14:53
002121.SZ,002121,科陆电子,深圳,电器仪表,20070306,2025-01-09 19:14:53
002125.SZ,002125,湘潭电化,湖南,化工原料,20070403,2025-01-09 19:14:53
002127.SZ,002127,南极电商,江苏,互联网,20070418,2025-01-09 19:14:53
002129.SZ,002129,TCL中环,天津,电气设备,20070420,2025-01-09 19:14:53
002134.SZ,002134,天津普林,天津,元器件,20070516,2025-01-09 19:14:53
002135.SZ,002135,东南网架,浙江,钢加工,20070530,2025-01-09 19:14:53
002137.SZ,002137,实益达,深圳,元器件,20070613,2025-01-09 19:14:53
002139.SZ,002139,拓邦股份,深圳,元器件,20070629,2025-01-09 19:14:53
002140.SZ,002140,东华科技,安徽,建筑工程,20070712,2025-01-09 19:14:53
002148.SZ,002148,北纬科技,北京,互联网,20070810,2025-01-09 19:14:53
002150.SZ,002150,通润装备,江苏,机械基件,20070810,2025-01-09 19:14:53
002152.SZ,002152,广电运通,广东,IT设备,20070813,2025-01-09 19:14:53
002153.SZ,002153,石基信息,北京,软件服务,20070813,2025-01-09 19:14:53
002154.SZ,002154,报喜鸟,浙江,服饰,20070816,2025-01-09 19:14:53
002155.SZ,002155,湖南黄金,湖南,黄金,20070816,2025-01-09 19:14:53
002158.SZ,002158,汉钟精机,上海,工程机械,20070817,2025-01-09 19:14:53
002161.SZ,002161,远望谷,深圳,通信设备,20070821,2025-01-09 19:14:53
002163.SZ,002163,海南发展,深圳,装修装饰,20070823,2025-01-09 19:14:53
002165.SZ,002165,红宝丽,江苏,化工原料,20070913,2025-01-09 19:14:53
002167.SZ,002167,东方锆业,广东,小金属,20070913,2025-01-09 19:14:53
002169.SZ,002169,智光电气,广东,电气设备,20070919,2025-01-09 19:14:53
002170.SZ,002170,芭田股份,深圳,农药化肥,20070919,2025-01-09 19:14:53
002171.SZ,002171,楚江新材,安徽,铜,20070921,2025-01-09 19:14:53
002172.SZ,002172,澳洋健康,江苏,医疗保健,20070921,2025-01-09 19:14:53
002174.SZ,002174,游族网络,福建,互联网,20070925,2025-01-09 19:14:53
002176.SZ,002176,江特电机,江西,小金属,20071012,2025-01-09 19:14:53
002181.SZ,002181,粤传媒,广东,出版业,20071116,2025-01-09 19:14:53
002182.SZ,002182,宝武镁业,江苏,小金属,20071113,2025-01-09 19:14:53
002183.SZ,002183,怡亚通,深圳,仓储物流,20071113,2025-01-09 19:14:53
002185.SZ,002185,华天科技,甘肃,半导体,20071120,2025-01-09 19:14:53
002186.SZ,002186,全聚德,北京,酒店餐饮,20071120,2025-01-09 19:14:53
002188.SZ,002188,中天服务,浙江,房产服务,20071122,2025-01-09 19:14:53
002189.SZ,002189,中光学,河南,元器件,20071203,2025-01-09 19:14:53
002194.SZ,002194,武汉凡谷,湖北,通信设备,20071207,2025-01-09 19:14:53
002195.SZ,002195,岩山科技,上海,软件服务,20071212,2025-01-09 19:14:53
002196.SZ,002196,方正电机,浙江,纺织机械,20071212,2025-01-09 19:14:53
002198.SZ,002198,嘉应制药,广东,中成药,20071218,2025-01-09 19:14:53
002199.SZ,002199,东晶电子,浙江,元器件,20071221,2025-01-09 19:14:53
002201.SZ,002201,正威新材,江苏,玻璃,20071226,2025-01-09 19:14:53
002205.SZ,002205,国统股份,新疆,水泥,20080123,2025-01-09 19:14:53
002208.SZ,002208,合肥城建,安徽,区域地产,20080128,2025-01-09 19:14:53
002209.SZ,002209,达意隆,广东,轻工机械,20080130,2025-01-09 19:14:53
002211.SZ,002211,宏达新材,上海,橡胶,20080201,2025-01-09 19:14:53
002212.SZ,002212,天融信,广东,软件服务,20080201,2025-01-09 19:14:53
002214.SZ,002214,大立科技,浙江,电器仪表,20080218,2025-01-09 19:14:53
002216.SZ,002216,三全食品,河南,食品,20080220,2025-01-09 19:14:53
002218.SZ,002218,拓日新能,深圳,新型电力,20080228,2025-01-09 19:14:53
002227.SZ,002227,奥特迅,深圳,电气设备,20080506,2025-01-09 19:14:53
002231.SZ,002231,奥维通信,辽宁,通信设备,20080512,2025-01-09 19:14:53
002232.SZ,002232,启明信息,吉林,软件服务,20080509,2025-01-09 19:14:53
002235.SZ,002235,安妮股份,福建,造纸,20080516,2025-01-09 19:14:53
002238.SZ,002238,天威视讯,深圳,影视音像,20080526,2025-01-09 19:14:53
002240.SZ,002240,盛新锂能,四川,小金属,20080523,2025-01-09 19:14:53
002242.SZ,002242,九阳股份,山东,家用电器,20080528,2025-01-09 19:14:53
002243.SZ,002243,力合科创,深圳,广告包装,20080528,2025-01-09 19:14:53
002246.SZ,002246,北化股份,四川,化工原料,20080605,2025-01-09 19:14:53
002248.SZ,002248,华东数控,山东,机床制造,20080612,2025-01-09 19:14:53
002253.SZ,002253,川大智胜,四川,软件服务,20080623,2025-01-09 19:14:53
002261.SZ,002261,拓维信息,湖南,软件服务,20080723,2025-01-09 19:14:53
002268.SZ,002268,电科网安,四川,IT设备,20080811,2025-01-09 19:14:53
002270.SZ,002270,华明装备,山东,电气设备,20080905,2025-01-09 19:14:53
002272.SZ,002272,川润股份,四川,机械基件,20080919,2025-01-09 19:14:53
002277.SZ,002277,友阿股份,湖南,百货,20090717,2025-01-09 19:14:53
002279.SZ,002279,久其软件,北京,软件服务,20090811,2025-01-09 19:14:53
002283.SZ,002283,天润工业,山东,汽车配件,20090821,2025-01-09 19:14:53
002290.SZ,002290,禾盛新材,江苏,家用电器,20090903,2025-01-09 19:14:53
002291.SZ,002291,遥望科技,广东,广告包装,20090903,2025-01-09 19:14:53
002292.SZ,002292,奥飞娱乐,广东,影视音像,20090910,2025-01-09 19:14:53
002295.SZ,002295,精艺股份,广东,铜,20090929,2025-01-09 19:14:53
002296.SZ,002296,辉煌科技,河南,通信设备,20090929,2025-01-09 19:14:53
002297.SZ,002297,博云新材,湖南,航空,20090929,2025-01-09 19:14:53
002298.SZ,002298,中电兴发,安徽,软件服务,20090929,2025-01-09 19:14:53
002299.SZ,002299,圣农发展,福建,农业综合,20091021,2025-01-09 19:14:53
002301.SZ,002301,齐心集团,深圳,文教休闲,20091021,2025-01-09 19:14:53
002303.SZ,002303,美盈森,深圳,造纸,20091103,2025-01-09 19:14:53
002307.SZ,002307,北新路桥,新疆,建筑工程,20091111,2025-01-09 19:14:53
002312.SZ,002312,川发龙蟒,四川,化工原料,20091203,2025-01-09 19:14:53
002319.SZ,002319,乐通股份,广东,染料涂料,20091211,2025-01-09 19:14:53
002320.SZ,002320,海峡股份,海南,水运,20091216,2025-01-09 19:14:53
002324.SZ,002324,普利特,上海,塑料,20091218,2025-01-09 19:14:53
002329.SZ,002329,皇氏集团,广西,乳制品,20100106,2025-01-09 19:14:53
002331.SZ,002331,皖通科技,安徽,软件服务,20100106,2025-01-09 19:14:53
002334.SZ,002334,英威腾,深圳,电气设备,20100113,2025-01-09 19:14:53
002337.SZ,002337,赛象科技,天津,化工机械,20100115,2025-01-09 19:14:53
002339.SZ,002339,积成电子,山东,电气设备,20100122,2025-01-09 19:14:53
002344.SZ,002344,海宁皮城,浙江,商品城,20100126,2025-01-09 19:14:53
002347.SZ,002347,泰尔股份,安徽,机械基件,20100128,2025-01-09 19:14:53
002348.SZ,002348,高乐股份,广东,文教休闲,20100203,2025-01-09 19:14:53
002350.SZ,002350,北京科锐,北京,电气设备,20100203,2025-01-09 19:14:53
002351.SZ,002351,漫步者,深圳,IT设备,20100205,2025-01-09 19:14:53
002355.SZ,002355,兴民智通,山东,汽车配件,20100209,2025-01-09 19:14:53
002356.SZ,002356,赫美集团,深圳,其他商业,20100209,2025-01-09 19:14:53
002358.SZ,002358,森源电气,河南,电气设备,20100210,2025-01-09 19:14:53
002369.SZ,002369,卓翼科技,深圳,通信设备,20100316,2025-01-09 19:14:53
002373.SZ,002373,千方科技,北京,软件服务,20100318,2025-01-09 19:14:53
002375.SZ,002375,亚厦股份,浙江,装修装饰,20100323,2025-01-09 19:14:53
002378.SZ,002378,章源钨业,江西,小金属,20100331,2025-01-09 19:14:53
002381.SZ,002381,双箭股份,浙江,橡胶,20100402,2025-01-09 19:14:53
002383.SZ,002383,合众思壮,北京,通信设备,20100402,2025-01-09 19:14:53
002389.SZ,002389,航天彩虹,浙江,航空,20100413,2025-01-09 19:14:53
002390.SZ,002390,信邦制药,贵州,医药商业,20100416,2025-01-09 19:14:53
002392.SZ,002392,北京利尔,北京,其他建材,20100423,2025-01-09 19:14:53
002395.SZ,002395,双象股份,江苏,塑料,20100429,2025-01-09 19:14:53
002398.SZ,002398,垒知集团,福建,其他建材,20100506,2025-01-09 19:14:53
002400.SZ,002400,省广集团,广东,广告包装,20100506,2025-01-09 19:14:53
002401.SZ,002401,中远海科,上海,软件服务,20100506,2025-01-09 19:14:53
002402.SZ,002402,和而泰,深圳,元器件,20100511,2025-01-09 19:14:53
002404.SZ,002404,嘉欣丝绸,浙江,纺织,20100511,2025-01-09 19:14:53
002405.SZ,002405,四维图新,北京,软件服务,20100518,2025-01-09 19:14:53
002406.SZ,002406,远东传动,河南,汽车配件,20100518,2025-01-09 19:14:53
002407.SZ,002407,多氟多,河南,化工原料,20100518,2025-01-09 19:14:53
002410.SZ,002410,广联达,北京,软件服务,20100525,2025-01-09 19:14:53
002416.SZ,002416,爱施德,深圳,电器连锁,20100528,2025-01-09 19:14:53
002419.SZ,002419,天虹股份,深圳,百货,20100601,2025-01-09 19:14:53
002421.SZ,002421,达实智能,深圳,软件服务,20100603,2025-01-09 19:14:53
002423.SZ,002423,中粮资本,河南,多元金融,20100603,2025-01-09 19:14:53
002426.SZ,002426,胜利精密,江苏,元器件,20100608,2025-01-09 19:14:53
002427.SZ,002427,尤夫股份,浙江,化纤,20100608,2025-01-09 19:14:53
002428.SZ,002428,云南锗业,云南,小金属,20100608,2025-01-09 19:14:53
002429.SZ,002429,兆驰股份,深圳,家用电器,20100610,2025-01-09 19:14:53
002434.SZ,002434,万里扬,浙江,汽车配件,20100618,2025-01-09 19:14:53
002436.SZ,002436,兴森科技,深圳,元器件,20100618,2025-01-09 19:14:53
002442.SZ,002442,龙星化工,河北,化工原料,20100706,2025-01-09 19:14:53
002451.SZ,002451,摩恩电气,上海,电气设备,20100720,2025-01-09 19:14:53
002453.SZ,002453,华软科技,北京,化工原料,20100720,2025-01-09 19:14:53
002456.SZ,002456,欧菲光,深圳,元器件,20100803,2025-01-09 19:14:53
002457.SZ,002457,青龙管业,宁夏,塑料,20100803,2025-01-09 19:14:53
002459.SZ,002459,晶澳科技,河北,电气设备,20100810,2025-01-09 19:14:53
002467.SZ,002467,二六三,北京,互联网,20100908,2025-01-09 19:14:53
002469.SZ,002469,三维化学,山东,化工原料,20100908,2025-01-09 19:14:53
002474.SZ,002474,榕基软件,福建,软件服务,20100915,2025-01-09 19:14:53
002476.SZ,002476,宝莫股份,山东,化工原料,20100915,2025-01-09 19:14:53
002481.SZ,002481,双塔食品,山东,食品,20100921,2025-01-09 19:14:53
002488.SZ,002488,金固股份,浙江,汽车配件,20101021,2025-01-09 19:14:53
002510.SZ,002510,天汽模,天津,汽车配件,20101125,2025-01-09 19:14:53
002512.SZ,002512,达华智能,福建,IT设备,20101203,2025-01-09 19:14:53
002513.SZ,002513,蓝丰生化,江苏,农药化肥,20101203,2025-01-09 19:14:53
002514.SZ,002514,宝馨科技,江苏,机械基件,20101203,2025-01-09 19:14:53
002515.SZ,002515,金字火腿,浙江,食品,20101203,2025-01-09 19:14:53
002516.SZ,002516,旷达科技,江苏,汽车配件,20101207,2025-01-09 19:14:53
002519.SZ,002519,银河电子,江苏,通信设备,20101207,2025-01-09 19:14:53
002520.SZ,002520,日发精机,浙江,机床制造,20101210,2025-01-09 19:14:53
002522.SZ,002522,浙江众成,浙江,塑料,20101210,2025-01-09 19:14:53
002523.SZ,002523,天桥起重,湖南,专用机械,20101210,2025-01-09 19:14:53
002524.SZ,002524,光正眼科,新疆,医疗保健,20101217,2025-01-09 19:14:53
002526.SZ,002526,山东矿机,山东,工程机械,20101217,2025-01-09 19:14:53
002527.SZ,002527,新时达,上海,电器仪表,20101224,2025-01-09 19:14:53
002529.SZ,002529,海源复材,江西,专用机械,20101224,2025-01-09 19:14:53
002530.SZ,002530,金财互联,江苏,专用机械,20101231,2025-01-09 19:14:53
002531.SZ,002531,天顺风能,江苏,电气设备,20101231,2025-01-09 19:14:53
002535.SZ,002535,林州重机,河南,工程机械,20110111,2025-01-09 19:14:53
002536.SZ,002536,飞龙股份,河南,汽车配件,20110111,2025-01-09 19:14:53
002537.SZ,002537,海联金汇,山东,汽车配件,20110110,2025-01-09 19:14:53
002538.SZ,002538,司尔特,安徽,农药化肥,20110118,2025-01-09 19:14:53
002541.SZ,002541,鸿路钢构,安徽,钢加工,20110118,2025-01-09 19:14:53
002542.SZ,002542,中化岩土,北京,建筑工程,20110128,2025-01-09 19:14:53
002547.SZ,002547,春兴精工,江苏,汽车配件,20110218,2025-01-09 19:14:53
002549.SZ,002549,凯美特气,湖南,环境保护,20110218,2025-01-09 19:14:53
002550.SZ,002550,千红制药,江苏,生物制药,20110218,2025-01-09 19:14:53
002553.SZ,002553,南方精工,江苏,汽车配件,20110225,2025-01-09 19:14:53
002556.SZ,002556,辉隆股份,安徽,农药化肥,20110302,2025-01-09 19:14:53
002559.SZ,002559,亚威股份,江苏,机床制造,20110303,2025-01-09 19:14:53
002560.SZ,002560,通达股份,河南,电气设备,20110303,2025-01-09 19:14:53
002561.SZ,002561,徐家汇,上海,百货,20110303,2025-01-09 19:14:53
002562.SZ,002562,兄弟科技,浙江,化学制药,20110310,2025-01-09 19:14:53
002570.SZ,002570,贝因美,浙江,乳制品,20110412,2025-01-09 19:14:53
002571.SZ,002571,德力股份,安徽,家居用品,20110412,2025-01-09 19:14:53
002575.SZ,002575,群兴玩具,广东,文教休闲,20110422,2025-01-09 19:14:53
002576.SZ,002576,通达动力,江苏,电气设备,20110428,2025-01-09 19:14:53
002577.SZ,002577,雷柏科技,深圳,IT设备,20110428,2025-01-09 19:14:53
002579.SZ,002579,中京电子,广东,元器件,20110506,2025-01-09 19:14:53
002580.SZ,002580,圣阳股份,山东,电气设备,20110506,2025-01-09 19:14:53
002582.SZ,002582,好想你,河南,食品,20110520,2025-01-09 19:14:53
002583.SZ,002583,海能达,深圳,通信设备,20110527,2025-01-09 19:14:53
002584.SZ,002584,西陇科学,广东,化工原料,20110602,2025-01-09 19:14:53
002587.SZ,002587,奥拓电子,深圳,元器件,20110610,2025-01-09 19:14:53
002593.SZ,002593,日上集团,福建,钢加工,20110628,2025-01-09 19:14:53
002596.SZ,002596,海南瑞泽,海南,水泥,20110707,2025-01-09 19:14:53
002598.SZ,002598,山东章鼓,山东,机械基件,20110707,2025-01-09 19:14:53
002599.SZ,002599,盛通股份,北京,广告包装,20110715,2025-01-09 19:14:53
002600.SZ,002600,领益智造,广东,元器件,20110715,2025-01-09 19:14:53
002607.SZ,002607,中公教育,安徽,文教休闲,20110810,2025-01-09 19:14:53
002612.SZ,002612,朗姿股份,北京,服饰,20110830,2025-01-09 19:14:53
002614.SZ,002614,奥佳华,福建,家用电器,20110909,2025-01-09 19:14:53
002615.SZ,002615,哈尔斯,浙江,家居用品,20110909,2025-01-09 19:14:53
002616.SZ,002616,长青集团,广东,环境保护,20110920,2025-01-09 19:14:53
002617.SZ,002617,露笑科技,浙江,电气设备,20110920,2025-01-09 19:14:53
002624.SZ,002624,完美世界,浙江,互联网,20111028,2025-01-09 19:14:53
002626.SZ,002626,金达威,福建,医疗保健,20111028,2025-01-09 19:14:53
002628.SZ,002628,成都路桥,四川,建筑工程,20111103,2025-01-09 19:14:53
002629.SZ,002629,仁智股份,浙江,石油开采,20111103,2025-01-09 19:14:53
002631.SZ,002631,德尔未来,江苏,家居用品,20111111,2025-01-09 19:14:53
002632.SZ,002632,道明光学,浙江,塑料,20111122,2025-01-09 19:14:53
002633.SZ,002633,申科股份,浙江,机械基件,20111122,2025-01-09 19:14:53
002634.SZ,002634,棒杰股份,浙江,服饰,20111205,2025-01-09 19:14:53
002636.SZ,002636,金安国纪,上海,元器件,20111125,2025-01-09 19:14:53
002637.SZ,002637,赞宇科技,浙江,日用化工,20111125,2025-01-09 19:14:53
002639.SZ,002639,雪人股份,福建,专用机械,20111205,2025-01-09 19:14:53
002640.SZ,002640,跨境通,山西,互联网,20111208,2025-01-09 19:14:53
002641.SZ,002641,公元股份,浙江,塑料,20111208,2025-01-09 19:14:53
002642.SZ,002642,荣联科技,北京,软件服务,20111220,2025-01-09 19:14:53
002643.SZ,002643,万润股份,山东,化工原料,20111220,2025-01-09 19:14:53
002645.SZ,002645,华宏科技,江苏,专用机械,20111220,2025-01-09 19:14:53
002646.SZ,002646,天佑德酒,青海,白酒,20111222,2025-01-09 19:14:53
002649.SZ,002649,博彦科技,北京,软件服务,20120106,2025-01-09 19:14:53
002651.SZ,002651,利君股份,四川,航空,20120106,2025-01-09 19:14:53
002654.SZ,002654,万润科技,深圳,互联网,20120217,2025-01-09 19:14:53
002657.SZ,002657,中科金财,北京,软件服务,20120228,2025-01-09 19:14:53
002658.SZ,002658,雪迪龙,北京,环境保护,20120309,2025-01-09 19:14:53
002659.SZ,002659,凯文教育,北京,文教休闲,20120309,2025-01-09 19:14:53
002660.SZ,002660,茂硕电源,深圳,电气设备,20120316,2025-01-09 19:14:53
002661.SZ,002661,克明食品,湖南,食品,20120316,2025-01-09 19:14:53
002662.SZ,002662,京威股份,北京,汽车配件,20120309,2025-01-09 19:14:53
002664.SZ,002664,信质集团,浙江,汽车配件,20120316,2025-01-09 19:14:53
002667.SZ,002667,威领股份,湖南,小金属,20120329,2025-01-09 19:14:53
002669.SZ,002669,康达新材,上海,化工原料,20120416,2025-01-09 19:14:53
002670.SZ,002670,国盛金控,江西,证券,20120416,2025-01-09 19:14:53
002671.SZ,002671,龙泉股份,山东,水泥,20120426,2025-01-09 19:14:53
002672.SZ,002672,东江环保,深圳,环境保护,20120426,2025-01-09 19:14:53
002674.SZ,002674,兴业科技,福建,纺织,20120507,2025-01-09 19:14:53
002676.SZ,002676,顺威股份,广东,家用电器,20120525,2025-01-09 19:14:53
002677.SZ,002677,浙江美大,浙江,家用电器,20120525,2025-01-09 19:14:53
002678.SZ,002678,珠江钢琴,广东,文教休闲,20120530,2025-01-09 19:14:53
002679.SZ,002679,福建金森,福建,林业,20120605,2025-01-09 19:14:53
002681.SZ,002681,奋达科技,深圳,元器件,20120605,2025-01-09 19:14:53
002682.SZ,002682,龙洲股份,福建,仓储物流,20120612,2025-01-09 19:14:53
002685.SZ,002685,华东重机,江苏,机床制造,20120612,2025-01-09 19:14:53
002686.SZ,002686,亿利达,浙江,专用机械,20120703,2025-01-09 19:14:53
002687.SZ,002687,乔治白,浙江,服饰,20120713,2025-01-09 19:14:53
002689.SZ,002689,远大智能,辽宁,运输设备,20120717,2025-01-09 19:14:53
002691.SZ,002691,冀凯股份,河北,专用机械,20120731,2025-01-09 19:14:53
002693.SZ,002693,双成药业,海南,生物制药,20120808,2025-01-09 19:14:53
002694.SZ,002694,顾地科技,湖北,塑料,20120816,2025-01-09 19:14:53
002695.SZ,002695,煌上煌,江西,食品,20120905,2025-01-09 19:14:53
002697.SZ,002697,红旗连锁,四川,超市连锁,20120905,2025-01-09 19:14:53
002702.SZ,002702,海欣食品,福建,食品,20121011,2025-01-09 19:14:53
002703.SZ,002703,浙江世宝,浙江,汽车配件,20121102,2025-01-09 19:14:53
002706.SZ,002706,良信股份,上海,电气设备,20140121,2025-01-09 19:14:53
002708.SZ,002708,光洋股份,江苏,汽车配件,20140121,2025-01-09 19:14:53
002709.SZ,002709,天赐材料,广东,化工原料,20140123,2025-01-09 19:14:53
002712.SZ,002712,思美传媒,浙江,广告包装,20140123,2025-01-09 19:14:53
002713.SZ,002713,东易日盛,北京,装修装饰,20140219,2025-01-09 19:14:53
002715.SZ,002715,登云股份,广东,汽车配件,20140219,2025-01-09 19:14:53
002716.SZ,002716,湖南白银,湖南,小金属,20140128,2025-01-09 19:14:53
002718.SZ,002718,友邦吊顶,浙江,其他建材,20140128,2025-01-09 19:14:53
002719.SZ,002719,麦趣尔,新疆,乳制品,20140128,2025-01-09 19:14:53
002722.SZ,002722,物产金轮,江苏,钢加工,20140128,2025-01-09 19:14:53
002725.SZ,002725,跃岭股份,浙江,汽车配件,20140129,2025-01-09 19:14:53
002728.SZ,002728,特一药业,广东,中成药,20140731,2025-01-09 19:14:53
002734.SZ,002734,利民股份,江苏,农药化肥,20150127,2025-01-09 19:14:53
002735.SZ,002735,王子新材,深圳,塑料,20141203,2025-01-09 19:14:53
002741.SZ,002741,光华科技,广东,化工原料,20150216,2025-01-09 19:14:53
002743.SZ,002743,富煌钢构,安徽,钢加工,20150217,2025-01-09 19:14:53
002746.SZ,002746,仙坛股份,山东,农业综合,20150216,2025-01-09 19:14:53
002747.SZ,002747,埃斯顿,江苏,机械基件,20150320,2025-01-09 19:14:53
002752.SZ,002752,昇兴股份,福建,广告包装,20150422,2025-01-09 19:14:53
002757.SZ,002757,南兴股份,广东,专用机械,20150527,2025-01-09 19:14:53
002759.SZ,002759,天际股份,广东,电气设备,20150528,2025-01-09 19:14:53
002760.SZ,002760,凤形股份,江西,机械基件,20150611,2025-01-09 19:14:53
002761.SZ,002761,浙江建投,浙江,建筑工程,20150610,2025-01-09 19:14:53
002762.SZ,002762,金发拉比,广东,服饰,20150610,2025-01-09 19:14:53
002765.SZ,002765,蓝黛科技,重庆,元器件,20150612,2025-01-09 19:14:53
002766.SZ,002766,索菱股份,深圳,汽车配件,20150611,2025-01-09 19:14:53
002769.SZ,002769,普路通,深圳,仓储物流,20150629,2025-01-09 19:14:53
002774.SZ,002774,快意电梯,广东,运输设备,20170324,2025-01-09 19:14:53
002775.SZ,002775,文科股份,广东,建筑工程,20150629,2025-01-09 19:14:53
002777.SZ,002777,久远银海,四川,软件服务,20151231,2025-01-09 19:14:53
002778.SZ,002778,中晟高科,江苏,环境保护,20160106,2025-01-09 19:14:53
002780.SZ,002780,三夫户外,北京,服饰,20151209,2025-01-09 19:14:53
002782.SZ,002782,可立克,深圳,元器件,20151222,2025-01-09 19:14:53
002786.SZ,002786,银宝山新,深圳,专用机械,20151223,2025-01-09 19:14:53
002787.SZ,002787,华源控股,江苏,广告包装,20151231,2025-01-09 19:14:53
002789.SZ,002789,建艺集团,深圳,装修装饰,20160311,2025-01-09 19:14:53
002792.SZ,002792,通宇通讯,广东,通信设备,20160328,2025-01-09 19:14:53
002795.SZ,002795,永和智控,浙江,机械基件,20160428,2025-01-09 19:14:53
002796.SZ,002796,世嘉科技,江苏,通信设备,20160510,2025-01-09 19:14:53
002797.SZ,002797,第一创业,深圳,证券,20160511,2025-01-09 19:14:53
002798.SZ,002798,帝欧家居,四川,家居用品,20160525,2025-01-09 19:14:53
002799.SZ,002799,环球印务,陕西,广告包装,20160608,2025-01-09 19:14:53
002802.SZ,002802,洪汇新材,江苏,化工原料,20160629,2025-01-09 19:14:53
002803.SZ,002803,吉宏股份,福建,互联网,20160712,2025-01-09 19:14:53
002805.SZ,002805,丰元股份,山东,电气设备,20160707,2025-01-09 19:14:53
002806.SZ,002806,华锋股份,广东,汽车配件,20160726,2025-01-09 19:14:53
002811.SZ,002811,郑中设计,深圳,装修装饰,20160908,2025-01-09 19:14:53
002815.SZ,002815,崇达技术,深圳,元器件,20161012,2025-01-09 19:14:53
002816.SZ,002816,和科达,深圳,专用机械,20161025,2025-01-09 19:14:53
002817.SZ,002817,黄山胶囊,安徽,化学制药,20161025,2025-01-09 19:14:53
002820.SZ,002820,桂发祥,天津,食品,20161118,2025-01-09 19:14:53
002824.SZ,002824,和胜股份,广东,铝,20170112,2025-01-09 19:14:53
002826.SZ,002826,易明医药,西藏,化学制药,20161209,2025-01-09 19:14:53
002828.SZ,002828,贝肯能源,新疆,石油开采,20161208,2025-01-09 19:14:53
002829.SZ,002829,星网宇达,北京,航空,20161213,2025-01-09 19:14:53
002832.SZ,002832,比音勒芬,广东,服饰,20161223,2025-01-09 19:14:53
002835.SZ,002835,同为股份,深圳,IT设备,20161228,2025-01-09 19:14:53
002836.SZ,002836,新宏泽,广东,广告包装,20161229,2025-01-09 19:14:53
002838.SZ,002838,道恩股份,山东,塑料,20170106,2025-01-09 19:14:53
002840.SZ,002840,华统股份,浙江,食品,20170110,2025-01-09 19:14:53
002842.SZ,002842,翔鹭钨业,广东,小金属,20170119,2025-01-09 19:14:53
002845.SZ,002845,同兴达,深圳,元器件,20170125,2025-01-09 19:14:53
002846.SZ,002846,英联股份,广东,广告包装,20170207,2025-01-09 19:14:53
002848.SZ,002848,高斯贝尔,湖南,家用电器,20170213,2025-01-09 19:14:53
002849.SZ,002849,威星智能,浙江,电器仪表,20170217,2025-01-09 19:14:53
002852.SZ,002852,道道全,湖南,食品,20170310,2025-01-09 19:14:53
002853.SZ,002853,皮阿诺,广东,家居用品,20170310,2025-01-09 19:14:53
002855.SZ,002855,捷荣技术,广东,元器件,20170321,2025-01-09 19:14:53
002856.SZ,002856,美芝股份,深圳,装修装饰,20170320,2025-01-09 19:14:53
002857.SZ,002857,三晖电气,河南,电器仪表,20170323,2025-01-09 19:14:53
002858.SZ,002858,力盛体育,上海,文教休闲,20170324,2025-01-09 19:14:53
002860.SZ,002860,星帅尔,浙江,家用电器,20170412,2025-01-09 19:14:53
002861.SZ,002861,瀛通通讯,湖北,元器件,20170413,2025-01-09 19:14:53
002866.SZ,002866,传艺科技,江苏,IT设备,20170426,2025-01-09 19:14:53
002868.SZ,002868,绿康生化,福建,农业综合,20170503,2025-01-09 19:14:53
002873.SZ,002873,新天药业,贵州,中成药,20170519,2025-01-09 19:14:53
002875.SZ,002875,安奈儿,深圳,服饰,20170601,2025-01-09 19:14:53
002877.SZ,002877,智能自控,江苏,机械基件,20170605,2025-01-09 19:14:53
002879.SZ,002879,长缆科技,湖南,电气设备,20170707,2025-01-09 19:14:53
002882.SZ,002882,金龙羽,深圳,电气设备,20170717,2025-01-09 19:14:53
002886.SZ,002886,沃特股份,深圳,塑料,20170627,2025-01-09 19:14:53
002887.SZ,002887,绿茵生态,天津,环境保护,20170801,2025-01-09 19:14:53
002888.SZ,002888,惠威科技,广东,元器件,20170721,2025-01-09 19:14:53
002889.SZ,002889,东方嘉盛,深圳,仓储物流,20170731,2025-01-09 19:14:53
002892.SZ,002892,科力尔,湖南,电气设备,20170817,2025-01-09 19:14:53
002893.SZ,002893,京能热力,北京,供气供热,20170915,2025-01-09 19:14:53
002900.SZ,002900,哈三联,黑龙江,化学制药,20170922,2025-01-09 19:14:53
002902.SZ,002902,铭普光磁,广东,通信设备,20170929,2025-01-09 19:14:53
002905.SZ,002905,金逸影视,广东,影视音像,20171016,2025-01-09 19:14:53
002908.SZ,002908,德生科技,广东,软件服务,20171020,2025-01-09 19:14:53
002909.SZ,002909,集泰股份,广东,化工原料,20171026,2025-01-09 19:14:53
002915.SZ,002915,中欣氟材,浙江,化工原料,20171205,2025-01-09 19:14:53
002917.SZ,002917,金奥博,深圳,化工原料,20171208,2025-01-09 19:14:53
002919.SZ,002919,名臣健康,广东,互联网,20171218,2025-01-09 19:14:53
002921.SZ,002921,联诚精密,山东,汽车配件,20171227,2025-01-09 19:14:53
002925.SZ,002925,盈趣科技,福建,元器件,20180115,2025-01-09 19:14:53
002931.SZ,002931,锋龙股份,浙江,机械基件,20180403,2025-01-09 19:14:53
002935.SZ,002935,天奥电子,四川,航空,20180903,2025-01-09 19:14:53
002941.SZ,002941,新疆交建,新疆,建筑工程,20181128,2025-01-09 19:14:53
002942.SZ,002942,新农股份,浙江,农药化肥,20181205,2025-01-09 19:14:53
002946.SZ,002946,新乳业,四川,乳制品,20190125,2025-01-09 19:14:53
002949.SZ,002949,华阳国际,深圳,建筑工程,20190226,2025-01-09 19:14:53
002950.SZ,002950,奥美医疗,湖北,医疗保健,20190311,2025-01-09 19:14:53
002953.SZ,002953,日丰股份,广东,电气设备,20190509,2025-01-09 19:14:53
002956.SZ,002956,西麦食品,广西,食品,20190619,2025-01-09 19:14:53
002957.SZ,002957,科瑞技术,深圳,专用机械,20190726,2025-01-09 19:14:53
002961.SZ,002961,瑞达期货,福建,多元金融,20190905,2025-01-09 19:14:53
002962.SZ,002962,五方光电,湖北,元器件,20190917,2025-01-09 19:14:53
002963.SZ,002963,豪尔赛,北京,装修装饰,20191028,2025-01-09 19:14:53
002968.SZ,002968,新大正,重庆,房产服务,20191203,2025-01-09 19:14:53
002982.SZ,002982,湘佳股份,湖南,农业综合,20200424,2025-01-09 19:14:53
002987.SZ,002987,京北方,北京,软件服务,20200507,2025-01-09 19:14:53
002995.SZ,002995,天地在线,北京,互联网,20200805,2025-01-09 19:14:53
002998.SZ,002998,优彩资源,江苏,化纤,20200925,2025-01-09 19:14:53
002999.SZ,002999,天禾股份,广东,批发业,20200903,2025-01-09 19:14:53
003011.SZ,003011,海象新材,浙江,家居用品,20200930,2025-01-09 19:14:53
003015.SZ,003015,日久光电,江苏,元器件,20201021,2025-01-09 19:14:53
003016.SZ,003016,欣贺股份,福建,服饰,20201026,2025-01-09 19:14:53
003027.SZ,003027,同兴科技,安徽,环境保护,20201218,2025-01-09 19:14:53
003030.SZ,003030,祖名股份,浙江,食品,20210106,2025-01-09 19:14:53
003032.SZ,003032,传智教育,江苏,文教休闲,20210112,2025-01-09 19:14:53
003036.SZ,003036,泰坦股份,浙江,纺织机械,20210128,2025-01-09 19:14:53
003038.SZ,003038,鑫铂股份,安徽,铝,20210210,2025-01-09 19:14:53
003040.SZ,003040,楚天龙,广东,通信设备,20210322,2025-01-09 19:14:53
003042.SZ,003042,中农联合,山东,农药化肥,20210406,2025-01-09 19:14:53
301006.SZ,301006,迈拓股份,江苏,电器仪表,20210607,2025-01-09 19:14:53
301007.SZ,301007,德迈仕,辽宁,汽车配件,20210616,2025-01-09 19:14:53
301008.SZ,301008,宏昌科技,浙江,家用电器,20210611,2025-01-09 19:14:53
301013.SZ,301013,利和兴,深圳,专用机械,20210629,2025-01-09 19:14:53
301016.SZ,301016,雷尔伟,江苏,运输设备,20210630,2025-01-09 19:14:53
301017.SZ,301017,漱玉平民,山东,医药商业,20210705,2025-01-09 19:14:53
301019.SZ,301019,宁波色母,浙江,塑料,20210628,2025-01-09 19:14:53
301027.SZ,301027,华蓝集团,广西,建筑工程,20210715,2025-01-09 19:14:53
301032.SZ,301032,新柴股份,浙江,工程机械,20210722,2025-01-09 19:14:53
301038.SZ,301038,深水规院,深圳,建筑工程,20210804,2025-01-09 19:14:53
301040.SZ,301040,中环海陆,江苏,机械基件,20210803,2025-01-09 19:14:53
301055.SZ,301055,张小泉,浙江,家居用品,20210906,2025-01-09 19:14:53
301058.SZ,301058,中粮科工,江苏,建筑工程,20210909,2025-01-09 19:14:53
301059.SZ,301059,金三江,广东,化工原料,20210913,2025-01-09 19:14:53
301060.SZ,301060,兰卫医学,上海,医疗保健,20210913,2025-01-09 19:14:53
301062.SZ,301062,上海艾录,上海,广告包装,20210914,2025-01-09 19:14:53
301066.SZ,301066,万事利,浙江,纺织,20210922,2025-01-09 19:14:53
301072.SZ,301072,中捷精工,江苏,汽车配件,20210929,2025-01-09 19:14:53
301073.SZ,301073,君亭酒店,浙江,酒店餐饮,20210930,2025-01-09 19:14:53
301078.SZ,301078,孩子王,江苏,其他商业,20211014,2025-01-09 19:14:53
301088.SZ,301088,戎美股份,江苏,服饰,20211028,2025-01-09 19:14:53
301098.SZ,301098,金埔园林,江苏,建筑工程,20211112,2025-01-09 19:14:53
301100.SZ,301100,风光股份,辽宁,化工原料,20211217,2025-01-09 19:14:53
301102.SZ,301102,兆讯传媒,天津,广告包装,20220328,2025-01-09 19:14:53
301116.SZ,301116,益客食品,江苏,食品,20220118,2025-01-09 19:14:53
301120.SZ,301120,新特电气,北京,电气设备,20220419,2025-01-09 19:14:53
301125.SZ,301125,腾亚精工,江苏,机械基件,20220608,2025-01-09 19:14:53
301127.SZ,301127,天源环保,湖北,环境保护,20211230,2025-01-09 19:14:53
301136.SZ,301136,招标股份,福建,建筑工程,20220111,2025-01-09 19:14:53
301176.SZ,301176,逸豪新材,江西,元器件,20220928,2025-01-09 19:14:53
301197.SZ,301197,工大科雅,河北,软件服务,20220808,2025-01-09 19:14:53
301198.SZ,301198,喜悦智行,浙江,塑料,20211202,2025-01-09 19:14:53
301212.SZ,301212,联盛化学,浙江,化工原料,20220419,2025-01-09 19:14:53
301248.SZ,301248,杰创智能,广东,软件服务,20220420,2025-01-09 19:14:53
301256.SZ,301256,华融化学,四川,化工原料,20220322,2025-01-09 19:14:53
301268.SZ,301268,铭利达,深圳,机械基件,20220407,2025-01-09 19:14:53
301288.SZ,301288,清研环境,深圳,环境保护,20220422,2025-01-09 19:14:53
301292.SZ,301292,海科新源,山东,化工原料,20230707,2025-01-09 19:14:53
301295.SZ,301295,美硕科技,浙江,电气设备,20230628,2025-01-09 19:14:53
301296.SZ,301296,新巨丰,山东,广告包装,20220902,2025-01-09 19:14:53
301301.SZ,301301,川宁生物,新疆,化学制药,20221227,2025-01-09 19:14:53
301307.SZ,301307,美利信,重庆,通信设备,20230424,2025-01-09 19:14:53
301317.SZ,301317,鑫磊股份,浙江,机械基件,20230119,2025-01-09 19:14:53
301321.SZ,301321,翰博高新,安徽,元器件,20220818,2025-01-09 19:14:53
301332.SZ,301332,德尔玛,广东,家用电器,20230518,2025-01-09 19:14:53
301356.SZ,301356,天振股份,浙江,家居用品,20221114,2025-01-09 19:14:53
301365.SZ,301365,矩阵股份,深圳,建筑工程,20221122,2025-01-09 19:14:53
301439.SZ,301439,泓淋电力,山东,电气设备,20230317,2025-01-09 19:14:53
301446.SZ,301446,福事特,江西,机械基件,20230725,2025-01-09 19:14:53
301487.SZ,301487,盟固利,天津,化工原料,20230809,2025-01-09 19:14:53
301500.SZ,301500,飞南资源,广东,环境保护,20230921,2025-01-09 19:14:53
301511.SZ,301511,德福科技,江西,电气设备,20230817,2025-01-09 19:14:53
301558.SZ,301558,三态股份,深圳,互联网,20230928,2025-01-09 19:14:53
600189.SH,600189,泉阳泉,吉林,软饮料,19981007,2025-01-09 19:14:53
600192.SH,600192,长城电工,甘肃,电气设备,19981224,2025-01-09 19:14:53
600193.SH,600193,创兴资源,上海,装修装饰,19990527,2025-01-09 19:14:53
600197.SH,600197,伊力特,新疆,白酒,19990916,2025-01-09 19:14:53
600199.SH,600199,金种子酒,安徽,白酒,19980812,2025-01-09 19:14:53
600203.SH,600203,福日电子,福建,元器件,19990514,2025-01-09 19:14:53
600206.SH,600206,有研新材,北京,半导体,19990319,2025-01-09 19:14:53
600207.SH,600207,安彩高科,河南,电气设备,19990714,2025-01-09 19:14:53
600210.SH,600210,紫江企业,上海,广告包装,19990824,2025-01-09 19:14:53
600212.SH,600212,绿能慧充,山东,电气设备,19990817,2025-01-09 19:14:53
600215.SH,600215,派斯林,吉林,专用机械,19990909,2025-01-09 19:14:53
600216.SH,600216,浙江医药,浙江,化学制药,19991021,2025-01-09 19:14:53
600217.SH,600217,中再资环,陕西,环境保护,19991216,2025-01-09 19:14:53
600223.SH,600223,福瑞达,山东,日用化工,20000113,2025-01-09 19:14:53
600228.SH,600228,返利科技,江西,互联网,19990119,2025-01-09 19:14:53
600235.SH,600235,民丰特纸,浙江,造纸,20000615,2025-01-09 19:14:53
600238.SH,600238,海南椰岛,海南,红黄酒,20000120,2025-01-09 19:14:53
600241.SH,600241,时代万恒,辽宁,电气设备,20001128,2025-01-09 19:14:53
600243.SH,600243,青海华鼎,青海,运输设备,20001120,2025-01-09 19:14:53
600246.SH,600246,万通发展,北京,区域地产,20000922,2025-01-09 19:14:53
600248.SH,600248,陕建股份,陕西,建筑工程,20000622,2025-01-09 19:14:53
600249.SH,600249,两面针,广西,日用化工,20040130,2025-01-09 19:14:53
600250.SH,600250,南京商旅,江苏,商贸代理,20010306,2025-01-09 19:14:53
600272.SH,600272,开开实业,上海,医药商业,20010228,2025-01-09 19:14:53
600273.SH,600273,嘉化能源,浙江,化工原料,20030627,2025-01-09 19:14:53
600278.SH,600278,东方创业,上海,商贸代理,20000712,2025-01-09 19:14:53
600279.SH,600279,重庆港,重庆,港口,20000731,2025-01-09 19:14:53
600280.SH,600280,中央商场,江苏,百货,20000926,2025-01-09 19:14:53
600281.SH,600281,华阳新材,山西,小金属,20001109,2025-01-09 19:14:53
600283.SH,600283,钱江水利,浙江,水务,20001018,2025-01-09 19:14:53
600288.SH,600288,大恒科技,北京,元器件,20001129,2025-01-09 19:14:53
600292.SH,600292,远达环保,重庆,环境保护,20001101,2025-01-09 19:14:53
600293.SH,600293,三峡新材,湖北,玻璃,20000919,2025-01-09 19:14:53
600302.SH,600302,标准股份,陕西,纺织机械,20001213,2025-01-09 19:14:53
600310.SH,600310,广西能源,广西,水力发电,20010228,2025-01-09 19:14:53
600313.SH,600313,农发种业,北京,种植业,20010119,2025-01-09 19:14:53
600318.SH,600318,新力金融,安徽,多元金融,20001208,2025-01-09 19:14:53
600326.SH,600326,西藏天路,西藏,水泥,20010116,2025-01-09 19:14:53
600327.SH,600327,大东方,江苏,医疗保健,20020625,2025-01-09 19:14:53
600331.SH,600331,宏达股份,四川,农药化肥,20011220,2025-01-09 19:14:53
600333.SH,600333,长春燃气,吉林,供气供热,20001211,2025-01-09 19:14:53
600335.SH,600335,国机汽车,天津,汽车服务,20010305,2025-01-09 19:14:53
600336.SH,600336,澳柯玛,山东,家用电器,20001229,2025-01-09 19:14:53
600343.SH,600343,航天动力,陕西,机械基件,20030408,2025-01-09 19:14:53
600353.SH,600353,旭光电子,四川,元器件,20021120,2025-01-09 19:14:53
600354.SH,600354,敦煌种业,甘肃,种植业,20040115,2025-01-09 19:14:53
600355.SH,600355,精伦电子,湖北,专用机械,20020613,2025-01-09 19:14:53
600356.SH,600356,恒丰纸业,黑龙江,造纸,20010419,2025-01-09 19:14:53
600366.SH,600366,宁波韵升,浙江,矿物制品,20001030,2025-01-09 19:14:53
600368.SH,600368,五洲交通,广西,路桥,20001221,2025-01-09 19:14:53
600371.SH,600371,万向德农,黑龙江,种植业,20020916,2025-01-09 19:14:53
600382.SH,600382,广东明珠,广东,普钢,20010118,2025-01-09 19:14:53
600383.SH,600383,金地集团,深圳,全国地产,20010412,2025-01-09 19:14:53
600386.SH,600386,北巴传媒,北京,汽车服务,20010216,2025-01-09 19:14:53
600390.SH,600390,五矿资本,湖南,多元金融,20010115,2025-01-09 19:14:53
600391.SH,600391,航发科技,四川,航空,20011212,2025-01-09 19:14:53
600392.SH,600392,盛和资源,四川,小金属,20030529,2025-01-09 19:14:53
600397.SH,600397,安源煤业,江西,煤炭开采,20020702,2025-01-09 19:14:53
600398.SH,600398,海澜之家,江苏,服饰,20001228,2025-01-09 19:14:53
600399.SH,600399,抚顺特钢,辽宁,特种钢,20001229,2025-01-09 19:14:53
600410.SH,600410,华胜天成,北京,软件服务,20040427,2025-01-09 19:14:53
600415.SH,600415,小商品城,浙江,商品城,20020509,2025-01-09 19:14:53
600416.SH,600416,湘电股份,湖南,电气设备,20020718,2025-01-09 19:14:53
600421.SH,600421,华嵘控股,湖北,专用机械,20040607,2025-01-09 19:14:53
600429.SH,600429,三元股份,北京,乳制品,20030915,2025-01-09 19:14:53
600439.SH,600439,瑞贝卡,河南,服饰,20030710,2025-01-09 19:14:53
600444.SH,600444,国机通用,安徽,专用机械,20040219,2025-01-09 19:14:53
600449.SH,600449,宁夏建材,宁夏,水泥,20030829,2025-01-09 19:14:53
600458.SH,600458,时代新材,湖南,塑料,20021219,2025-01-09 19:14:53
600463.SH,600463,空港股份,北京,园区开发,20040318,2025-01-09 19:14:53
600470.SH,600470,六国化工,安徽,农药化肥,20040305,2025-01-09 19:14:53
600476.SH,600476,湘邮科技,湖南,软件服务,20031210,2025-01-09 19:14:53
600478.SH,600478,科力远,湖南,电气设备,20030918,2025-01-09 19:14:53
600479.SH,600479,千金药业,湖南,中成药,20040312,2025-01-09 19:14:53
600480.SH,600480,凌云股份,河北,汽车配件,20030815,2025-01-09 19:14:53
600481.SH,600481,双良节能,江苏,电气设备,20030422,2025-01-09 19:14:53
600490.SH,600490,鹏欣资源,上海,铜,20030626,2025-01-09 19:14:53
600501.SH,600501,航天晨光,江苏,专用机械,20010615,2025-01-09 19:14:53
600505.SH,600505,西昌电力,四川,水力发电,20020530,2025-01-09 19:14:53
600506.SH,600506,统一股份,新疆,石油加工,20011226,2025-01-09 19:14:53
600508.SH,600508,上海能源,上海,煤炭开采,20010829,2025-01-09 19:14:53
600509.SH,600509,天富能源,新疆,火力发电,20020228,2025-01-09 19:14:53
600510.SH,600510,黑牡丹,江苏,全国地产,20020618,2025-01-09 19:14:53
600515.SH,600515,海南机场,海南,机场,20020806,2025-01-09 19:14:53
600526.SH,600526,菲达环保,浙江,环境保护,20020722,2025-01-09 19:14:53
600530.SH,600530,交大昂立,上海,医疗保健,20010702,2025-01-09 19:14:53
600537.SH,600537,亿晶光电,浙江,电气设备,20030123,2025-01-09 19:14:53
600538.SH,600538,国发股份,广西,医药商业,20030114,2025-01-09 19:14:53
600539.SH,600539,狮头股份,山西,互联网,20010824,2025-01-09 19:14:53
600540.SH,600540,新赛股份,新疆,种植业,20040107,2025-01-09 19:14:53
600543.SH,600543,莫高股份,甘肃,红黄酒,20040324,2025-01-09 19:14:53
600550.SH,600550,保变电气,河北,电气设备,20010228,2025-01-09 19:14:53
600556.SH,600556,天下秀,广西,互联网,20010807,2025-01-09 19:14:53
600558.SH,600558,大西洋,四川,钢加工,20010227,2025-01-09 19:14:53
600559.SH,600559,老白干酒,河北,白酒,20021029,2025-01-09 19:14:53
600560.SH,600560,金自天正,北京,电气设备,20020919,2025-01-09 19:14:53
600561.SH,600561,江西长运,江西,公共交通,20020716,2025-01-09 19:14:53
600562.SH,600562,国睿科技,江苏,通信设备,20030128,2025-01-09 19:14:53
600571.SH,600571,信雅达,浙江,软件服务,20021101,2025-01-09 19:14:53
600575.SH,600575,淮河能源,安徽,火力发电,20030328,2025-01-09 19:14:53
600576.SH,600576,祥源文旅,浙江,旅游景点,20030220,2025-01-09 19:14:53
600577.SH,600577,精达股份,安徽,电气设备,20020911,2025-01-09 19:14:53
600579.SH,600579,克劳斯,山东,化工机械,20020809,2025-01-09 19:14:53
600580.SH,600580,卧龙电驱,浙江,电气设备,20020606,2025-01-09 19:14:53
600588.SH,600588,用友网络,北京,软件服务,20010518,2025-01-09 19:14:53
600589.SH,600589,大位科技,广东,软件服务,20010612,2025-01-09 19:14:53
600602.SH,600602,云赛智联,上海,软件服务,19901219,2025-01-09 19:14:53
600604.SH,600604,市北高新,上海,园区开发,19920327,2025-01-09 19:14:53
600609.SH,600609,金杯汽车,辽宁,汽车配件,19920724,2025-01-09 19:14:53
600610.SH,600610,中毅达,贵州,化工原料,19920805,2025-01-09 19:14:53
600611.SH,600611,大众交通,上海,公共交通,19920807,2025-01-09 19:14:53
600613.SH,600613,神奇制药,上海,中成药,19920820,2025-01-09 19:14:53
600615.SH,600615,丰华股份,重庆,铝,19920910,2025-01-09 19:14:53
600616.SH,600616,金枫酒业,上海,红黄酒,19920929,2025-01-09 19:14:53
600619.SH,600619,海立股份,上海,家用电器,19921116,2025-01-09 19:14:53
600620.SH,600620,天宸股份,上海,综合类,19921117,2025-01-09 19:14:53
600622.SH,600622,光大嘉宝,上海,区域地产,19921203,2025-01-09 19:14:53
600624.SH,600624,复旦复华,上海,化学制药,19930105,2025-01-09 19:14:53
600626.SH,600626,申达股份,上海,汽车配件,19930107,2025-01-09 19:14:53
600628.SH,600628,新世界,上海,百货,19930119,2025-01-09 19:14:53
600630.SH,600630,龙头股份,上海,服饰,19930209,2025-01-09 19:14:53
600635.SH,600635,大众公用,上海,供气供热,19930304,2025-01-09 19:14:53
600636.SH,600636,国新文化,上海,文教休闲,19930316,2025-01-09 19:14:53
600637.SH,600637,东方明珠,上海,影视音像,19930316,2025-01-09 19:14:53
600638.SH,600638,新黄浦,上海,区域地产,19930326,2025-01-09 19:14:53
600641.SH,600641,万业企业,上海,区域地产,19930407,2025-01-09 19:14:53
600644.SH,600644,乐山电力,四川,水力发电,19930426,2025-01-09 19:14:53
600650.SH,600650,锦江在线,上海,公共交通,19930607,2025-01-09 19:14:53
600651.SH,600651,飞乐音响,上海,电器仪表,19901219,2025-01-09 19:14:53
600654.SH,600654,中安科,湖北,仓储物流,19901219,2025-01-09 19:14:53
600657.SH,600657,信达地产,北京,全国地产,19930524,2025-01-09 19:14:53
600658.SH,600658,电子城,北京,园区开发,19930524,2025-01-09 19:14:53
600667.SH,600667,太极实业,江苏,半导体,19930728,2025-01-09 19:14:53
600676.SH,600676,交运股份,上海,汽车配件,19930928,2025-01-09 19:14:53
600678.SH,600678,四川金顶,四川,水泥,19931008,2025-01-09 19:14:53
600679.SH,600679,上海凤凰,上海,文教休闲,19931008,2025-01-09 19:14:53
600682.SH,600682,南京新百,江苏,生物制药,19931018,2025-01-09 19:14:53
600683.SH,600683,京投发展,浙江,区域地产,19931025,2025-01-09 19:14:53
600686.SH,600686,金龙汽车,福建,汽车整车,19931108,2025-01-09 19:14:53
600689.SH,600689,上海三毛,上海,综合类,19931108,2025-01-09 19:14:53
600692.SH,600692,亚通股份,上海,区域地产,19931119,2025-01-09 19:14:53
600696.SH,600696,岩石股份,上海,白酒,19931206,2025-01-09 19:14:53
600697.SH,600697,欧亚集团,吉林,百货,19931206,2025-01-09 19:14:53
600698.SH,600698,湖南天雁,湖南,汽车配件,19931206,2025-01-09 19:14:53
600705.SH,600705,中航产融,黑龙江,多元金融,19960516,2025-01-09 19:14:53
600706.SH,600706,曲江文旅,陕西,旅游景点,19960516,2025-01-09 19:14:53
600708.SH,600708,光明地产,上海,全国地产,19960606,2025-01-09 19:14:53
600710.SH,600710,苏美达,江苏,商贸代理,19960701,2025-01-09 19:14:53
600712.SH,600712,南宁百货,广西,百货,19960626,2025-01-09 19:14:53
600714.SH,600714,金瑞矿业,青海,化工原料,19960606,2025-01-09 19:14:53
600716.SH,600716,凤凰股份,江苏,区域地产,19960702,2025-01-09 19:14:53
600719.SH,600719,大连热电,辽宁,供气供热,19960716,2025-01-09 19:14:53
600724.SH,600724,宁波富达,浙江,综合类,19960716,2025-01-09 19:14:53
600725.SH,600725,云维股份,云南,商贸代理,19960702,2025-01-09 19:14:53
600728.SH,600728,佳都科技,广东,软件服务,19960716,2025-01-09 19:14:53
600732.SH,600732,爱旭股份,上海,电气设备,19960816,2025-01-09 19:14:53
600733.SH,600733,北汽蓝谷,北京,汽车整车,19960816,2025-01-09 19:14:53
600734.SH,600734,实达集团,福建,软件服务,19960808,2025-01-09 19:14:53
600736.SH,600736,苏州高新,江苏,园区开发,19960815,2025-01-09 19:14:53
600738.SH,600738,丽尚国潮,甘肃,百货,19960802,2025-01-09 19:14:53
600748.SH,600748,上实发展,上海,全国地产,19960925,2025-01-09 19:14:53
600753.SH,600753,庚星股份,福建,商贸代理,19960927,2025-01-09 19:14:53
600756.SH,600756,浪潮软件,山东,软件服务,19960923,2025-01-09 19:14:53
600768.SH,600768,宁波富邦,浙江,铝,19961111,2025-01-09 19:14:53
600769.SH,600769,祥龙电业,湖北,水务,19961101,2025-01-09 19:14:53
600770.SH,600770,综艺股份,江苏,综合类,19961120,2025-01-09 19:14:53
600775.SH,600775,南京熊猫,江苏,通信设备,19961118,2025-01-09 19:14:53
600776.SH,600776,东方通信,浙江,通信设备,19961126,2025-01-09 19:14:53
600778.SH,600778,友好集团,新疆,百货,19961203,2025-01-09 19:14:53
600782.SH,600782,新钢股份,江西,普钢,19961225,2025-01-09 19:14:53
600785.SH,600785,新华百货,宁夏,百货,19970108,2025-01-09 19:14:53
600787.SH,600787,中储股份,天津,仓储物流,19970121,2025-01-09 19:14:53
600792.SH,600792,云煤能源,云南,焦炭加工,19970123,2025-01-09 19:14:53
600794.SH,600794,保税科技,江苏,仓储物流,19970306,2025-01-09 19:14:53
600796.SH,600796,钱江生化,浙江,环境保护,19970408,2025-01-09 19:14:53
600797.SH,600797,浙大网新,浙江,软件服务,19970418,2025-01-09 19:14:53
600802.SH,600802,福建水泥,福建,水泥,19940103,2025-01-09 19:14:53
600814.SH,600814,杭州解百,浙江,百货,19940114,2025-01-09 19:14:53
600816.SH,600816,建元信托,上海,多元金融,19940128,2025-01-09 19:14:53
600817.SH,600817,宇通重工,河南,专用机械,19940128,2025-01-09 19:14:53
600819.SH,600819,耀皮玻璃,上海,玻璃,19940128,2025-01-09 19:14:53
600822.SH,600822,上海物贸,上海,汽车服务,19940204,2025-01-09 19:14:53
600825.SH,600825,新华传媒,上海,出版业,19940204,2025-01-09 19:14:53
600826.SH,600826,兰生股份,上海,文教休闲,19940204,2025-01-09 19:14:53
600828.SH,600828,茂业商业,四川,百货,19940224,2025-01-09 19:14:53
600829.SH,600829,人民同泰,黑龙江,医药商业,19940224,2025-01-09 19:14:53
600830.SH,600830,香溢融通,浙江,多元金融,19940224,2025-01-09 19:14:53
600833.SH,600833,第一医药,上海,医药商业,19940224,2025-01-09 19:14:53
600834.SH,600834,申通地铁,上海,公共交通,19940224,2025-01-09 19:14:53
600835.SH,600835,上海机电,上海,运输设备,19940224,2025-01-09 19:14:53
600838.SH,600838,上海九百,上海,百货,19940224,2025-01-09 19:14:53
600839.SH,600839,四川长虹,四川,家用电器,19940311,2025-01-09 19:14:53
600841.SH,600841,动力新科,上海,汽车配件,19940311,2025-01-09 19:14:53
600843.SH,600843,上工申贝,上海,纺织机械,19940311,2025-01-09 19:14:53
600847.SH,600847,万里股份,重庆,电气设备,19940324,2025-01-09 19:14:53
600851.SH,600851,海欣股份,上海,化学制药,19940404,2025-01-09 19:14:53
600853.SH,600853,龙建股份,黑龙江,建筑工程,19940404,2025-01-09 19:14:53
600855.SH,600855,航天长峰,北京,专用机械,19940425,2025-01-09 19:14:53
600857.SH,600857,宁波中百,浙江,百货,19940425,2025-01-09 19:14:53
600864.SH,600864,哈投股份,黑龙江,证券,19940809,2025-01-09 19:14:53
600865.SH,600865,百大集团,浙江,百货,19940809,2025-01-09 19:14:53
600869.SH,600869,远东股份,青海,电气设备,19950206,2025-01-09 19:14:53
600877.SH,600877,电科芯片,重庆,半导体,19951013,2025-01-09 19:14:53
600879.SH,600879,航天电子,湖北,航空,19951115,2025-01-09 19:14:53
600880.SH,600880,博瑞传播,四川,广告包装,19951115,2025-01-09 19:14:53
600882.SH,600882,妙可蓝多,上海,乳制品,19951206,2025-01-09 19:14:53
600883.SH,600883,博闻科技,云南,种植业,19951208,2025-01-09 19:14:53
600884.SH,600884,杉杉股份,浙江,电气设备,19960130,2025-01-09 19:14:53
600903.SH,600903,贵州燃气,贵州,供气供热,20171107,2025-01-09 19:14:53
600933.SH,600933,爱柯迪,浙江,汽车配件,20171117,2025-01-09 19:14:53
600959.SH,600959,江苏有线,江苏,影视音像,20150428,2025-01-09 19:14:53
600960.SH,600960,渤海汽车,山东,汽车配件,20040407,2025-01-09 19:14:53
600962.SH,600962,国投中鲁,北京,软饮料,20040622,2025-01-09 19:14:53
600965.SH,600965,福成股份,河北,农业综合,20040713,2025-01-09 19:14:53
600966.SH,600966,博汇纸业,山东,造纸,20040608,2025-01-09 19:14:53
600967.SH,600967,内蒙一机,内蒙,运输设备,20040518,2025-01-09 19:14:53
600973.SH,600973,宝胜股份,江苏,电气设备,20040802,2025-01-09 19:14:53
600979.SH,600979,广安爱众,四川,水力发电,20040906,2025-01-09 19:14:53
600980.SH,600980,北矿科技,北京,专用机械,20040512,2025-01-09 19:14:53
600982.SH,600982,宁波能源,浙江,供气供热,20040706,2025-01-09 19:14:53
600986.SH,600986,浙文互联,浙江,互联网,20040426,2025-01-09 19:14:53
600990.SH,600990,四创电子,安徽,通信设备,20040510,2025-01-09 19:14:53
601002.SH,601002,晋亿实业,浙江,机械基件,20070126,2025-01-09 19:14:53
601011.SH,601011,宝泰隆,黑龙江,焦炭加工,20110309,2025-01-09 19:14:53
601012.SH,601012,隆基绿能,陕西,电气设备,20120411,2025-01-09 19:14:53
601019.SH,601019,山东出版,山东,出版业,20171122,2025-01-09 19:14:53
601020.SH,601020,华钰矿业,西藏,铅锌,20160316,2025-01-09 19:14:53
601086.SH,601086,国芳集团,甘肃,百货,20170929,2025-01-09 19:14:53
601099.SH,601099,太平洋,云南,证券,20071228,2025-01-09 19:14:53
601107.SH,601107,四川成渝,四川,路桥,20090727,2025-01-09 19:14:53
601113.SH,601113,华鼎股份,浙江,互联网,20110509,2025-01-09 19:14:53
601116.SH,601116,三江购物,浙江,超市连锁,20110302,2025-01-09 19:14:53
601118.SH,601118,海南橡胶,海南,橡胶,20110107,2025-01-09 19:14:53
601133.SH,601133,柏诚股份,江苏,建筑工程,20230410,2025-01-09 19:14:53
601137.SH,601137,博威合金,浙江,小金属,20110127,2025-01-09 19:14:53
601211.SH,601211,国泰君安,上海,证券,20150626,2025-01-09 19:14:53
601216.SH,601216,君正集团,内蒙,化工原料,20110222,2025-01-09 19:14:53
601238.SH,601238,广汽集团,广东,汽车整车,20120329,2025-01-09 19:14:53
601279.SH,601279,英利汽车,吉林,汽车配件,20210415,2025-01-09 19:14:53
601360.SH,601360,三六零,天津,互联网,20120116,2025-01-09 19:14:53
601366.SH,601366,利群股份,山东,百货,20170412,2025-01-09 19:14:53
601512.SH,601512,中新集团,江苏,园区开发,20191220,2025-01-09 19:14:53
601519.SH,601519,大智慧,上海,软件服务,20110128,2025-01-09 19:14:53
601606.SH,601606,长城军工,安徽,专用机械,20180806,2025-01-09 19:14:53
601609.SH,601609,金田股份,浙江,铜,20200422,2025-01-09 19:14:53
601615.SH,601615,明阳智能,广东,电气设备,20190123,2025-01-09 19:14:53
601616.SH,601616,广电电气,上海,电气设备,20110201,2025-01-09 19:14:53
601700.SH,601700,风范股份,江苏,电气设备,20110118,2025-01-09 19:14:53
601727.SH,601727,上海电气,上海,电气设备,20081205,2025-01-09 19:14:53
601777.SH,601777,力帆科技,重庆,摩托车,20101125,2025-01-09 19:14:53
601789.SH,601789,宁波建工,浙江,建筑工程,20110816,2025-01-09 19:14:53
601798.SH,601798,蓝科高新,甘肃,化工机械,20110622,2025-01-09 19:14:53
601801.SH,601801,皖新传媒,安徽,出版业,20100118,2025-01-09 19:14:53
601828.SH,601828,美凯龙,上海,其他商业,20180117,2025-01-09 19:14:53
601865.SH,601865,福莱特,浙江,玻璃,20190215,2025-01-09 19:14:53
601890.SH,601890,亚星锚链,江苏,船舶,20101228,2025-01-09 19:14:53
601933.SH,601933,永辉超市,福建,超市连锁,20101215,2025-01-09 19:14:53
601969.SH,601969,海南矿业,海南,普钢,20141209,2025-01-09 19:14:53
603001.SH,603001,奥康国际,浙江,服饰,20120426,2025-01-09 19:14:53
603002.SH,603002,宏昌电子,广东,化工原料,20120518,2025-01-09 19:14:53
603004.SH,603004,鼎龙科技,浙江,化工原料,20231227,2025-01-09 19:14:53
603006.SH,603006,联明股份,上海,汽车配件,20140630,2025-01-09 19:14:53
603010.SH,603010,万盛股份,浙江,化工原料,20141010,2025-01-09 19:14:53
603011.SH,603011,合锻智能,安徽,专用机械,20141107,2025-01-09 19:14:53
603018.SH,603018,华设集团,江苏,建筑工程,20141013,2025-01-09 19:14:53
603021.SH,603021,山东华鹏,山东,家居用品,20150423,2025-01-09 19:14:53
603025.SH,603025,大豪科技,北京,纺织机械,20150422,2025-01-09 19:14:53
603028.SH,603028,赛福天,江苏,钢加工,20160331,2025-01-09 19:14:53
603029.SH,603029,天鹅股份,山东,农用机械,20160427,2025-01-09 19:14:53
603033.SH,603033,三维股份,浙江,橡胶,20161207,2025-01-09 19:14:53
603035.SH,603035,常熟汽饰,江苏,汽车配件,20170105,2025-01-09 19:14:53
603036.SH,603036,如通股份,江苏,专用机械,20161209,2025-01-09 19:14:53
603037.SH,603037,凯众股份,上海,汽车配件,20170120,2025-01-09 19:14:53
603038.SH,603038,华立股份,广东,家居用品,20170116,2025-01-09 19:14:53
603042.SH,603042,华脉科技,江苏,通信设备,20170602,2025-01-09 19:14:53
603048.SH,603048,浙江黎明,浙江,汽车配件,20211116,2025-01-09 19:14:53
603053.SH,603053,成都燃气,四川,供气供热,20191217,2025-01-09 19:14:53
603056.SH,603056,德邦股份,上海,仓储物流,20180116,2025-01-09 19:14:53
603057.SH,603057,紫燕食品,上海,食品,20220926,2025-01-09 19:14:53
603058.SH,603058,永吉股份,贵州,广告包装,20161223,2025-01-09 19:14:53
603060.SH,603060,国检集团,北京,建筑工程,20161109,2025-01-09 19:14:53
603066.SH,603066,音飞储存,江苏,仓储物流,20150611,2025-01-09 19:14:53
603069.SH,603069,海汽集团,海南,公共交通,20160712,2025-01-09 19:14:53
603073.SH,603073,彩蝶实业,浙江,纺织,20230316,2025-01-09 19:14:53
603078.SH,603078,江化微,江苏,半导体,20170410,2025-01-09 19:14:53
603079.SH,603079,圣达生物,浙江,食品,20170823,2025-01-09 19:14:53
603081.SH,603081,大丰实业,浙江,专用机械,20170420,2025-01-09 19:14:53
603085.SH,603085,天成自控,浙江,汽车配件,20150630,2025-01-09 19:14:53
603088.SH,603088,宁波精达,浙江,机床制造,20141111,2025-01-09 19:14:53
603089.SH,603089,正裕工业,浙江,汽车配件,20170126,2025-01-09 19:14:53
603090.SH,603090,宏盛股份,江苏,专用机械,20160831,2025-01-09 19:14:53
603098.SH,603098,森特股份,北京,装修装饰,20161216,2025-01-09 19:14:53
603101.SH,603101,汇嘉时代,新疆,百货,20160506,2025-01-09 19:14:53
603103.SH,603103,横店影视,浙江,影视音像,20171012,2025-01-09 19:14:53
603109.SH,603109,神驰机电,重庆,电气设备,20191231,2025-01-09 19:14:53
603110.SH,603110,东方材料,安徽,染料涂料,20171013,2025-01-09 19:14:53
603116.SH,603116,红蜻蜓,浙江,服饰,20150629,2025-01-09 19:14:53
603117.SH,603117,万林物流,江苏,仓储物流,20150629,2025-01-09 19:14:53
603121.SH,603121,华培动力,上海,汽车配件,20190111,2025-01-09 19:14:53
603123.SH,603123,翠微股份,北京,多元金融,20120503,2025-01-09 19:14:53
603126.SH,603126,中材节能,天津,环境保护,20140731,2025-01-09 19:14:53
603127.SH,603127,昭衍新药,北京,医疗保健,20170825,2025-01-09 19:14:53
603131.SH,603131,上海沪工,上海,专用机械,20160607,2025-01-09 19:14:53
603138.SH,603138,海量数据,北京,软件服务,20170306,2025-01-09 19:14:53
603153.SH,603153,上海建科,上海,建筑工程,20230313,2025-01-09 19:14:53
603155.SH,603155,新亚强,江苏,化工原料,20200901,2025-01-09 19:14:53
603159.SH,603159,上海亚虹,上海,专用机械,20160812,2025-01-09 19:14:53
603161.SH,603161,科华控股,江苏,汽车配件,20180105,2025-01-09 19:14:53
603166.SH,603166,福达股份,广西,汽车配件,20141127,2025-01-09 19:14:53
603168.SH,603168,莎普爱思,浙江,化学制药,20140702,2025-01-09 19:14:53
603176.SH,603176,汇通集团,河北,建筑工程,20211231,2025-01-09 19:14:53
603178.SH,603178,圣龙股份,浙江,汽车配件,20170328,2025-01-09 19:14:53
603180.SH,603180,金牌家居,福建,家居用品,20170512,2025-01-09 19:14:53
603181.SH,603181,皇马科技,浙江,化工原料,20170824,2025-01-09 19:14:53
603185.SH,603185,弘元绿能,江苏,电气设备,20181228,2025-01-09 19:14:53
603188.SH,603188,亚邦股份,江苏,染料涂料,20140909,2025-01-09 19:14:53
603189.SH,603189,网达软件,上海,软件服务,20160914,2025-01-09 19:14:53
603196.SH,603196,日播时尚,上海,服饰,20170531,2025-01-09 19:14:53
603201.SH,603201,常润股份,江苏,汽车配件,20220729,2025-01-09 19:14:53
603206.SH,603206,嘉环科技,江苏,通信设备,20220506,2025-01-09 19:14:53
603211.SH,603211,晋拓股份,上海,汽车配件,20220725,2025-01-09 19:14:53
603212.SH,603212,赛伍技术,江苏,塑料,20200430,2025-01-09 19:14:53
603213.SH,603213,镇洋发展,浙江,化工原料,20211111,2025-01-09 19:14:53
603216.SH,603216,梦天家居,浙江,家居用品,20211215,2025-01-09 19:14:53
603217.SH,603217,元利科技,山东,化工原料,20190620,2025-01-09 19:14:53
603219.SH,603219,富佳股份,浙江,家用电器,20211122,2025-01-09 19:14:53
603221.SH,603221,爱丽家居,江苏,家居用品,20200323,2025-01-09 19:14:53
603222.SH,603222,济民健康,浙江,医疗保健,20150217,2025-01-09 19:14:53
603223.SH,603223,恒通股份,山东,公路,20150630,2025-01-09 19:14:53
603226.SH,603226,菲林格尔,上海,家居用品,20170615,2025-01-09 19:14:53
603229.SH,603229,奥翔药业,浙江,化学制药,20170509,2025-01-09 19:14:53
603231.SH,603231,索宝蛋白,浙江,食品,20231215,2025-01-09 19:14:53
603232.SH,603232,格尔软件,上海,软件服务,20170421,2025-01-09 19:14:53
603233.SH,603233,大参林,广东,医药商业,20170731,2025-01-09 19:14:53
603238.SH,603238,诺邦股份,浙江,纺织,20170222,2025-01-09 19:14:53
603239.SH,603239,浙江仙通,浙江,汽车配件,20161230,2025-01-09 19:14:53
603256.SH,603256,宏和科技,上海,玻璃,20190719,2025-01-09 19:14:53
603266.SH,603266,天龙股份,浙江,汽车配件,20170110,2025-01-09 19:14:53
603270.SH,603270,金帝股份,山东,机械基件,20230901,2025-01-09 19:14:53
603272.SH,603272,联翔股份,浙江,家居用品,20220520,2025-01-09 19:14:53
603273.SH,603273,天元智能,江苏,专用机械,20231023,2025-01-09 19:14:53
603278.SH,603278,大业股份,山东,钢加工,20171113,2025-01-09 19:14:53
603300.SH,603300,海南华铁,浙江,多元金融,20150529,2025-01-09 19:14:53
603305.SH,603305,旭升集团,浙江,汽车配件,20170710,2025-01-09 19:14:53
603310.SH,603310,巍华新材,浙江,化工原料,20240814,2025-01-09 19:14:53
603311.SH,603311,金海高科,浙江,家用电器,20150518,2025-01-09 19:14:53
603313.SH,603313,梦百合,江苏,家居用品,20161013,2025-01-09 19:14:53
603318.SH,603318,水发燃气,辽宁,供气供热,20150424,2025-01-09 19:14:53
603326.SH,603326,我乐家居,江苏,家居用品,20170616,2025-01-09 19:14:53
603327.SH,603327,福蓉科技,四川,元器件,20190523,2025-01-09 19:14:53
603331.SH,603331,百达精工,浙江,专用机械,20170705,2025-01-09 19:14:53
603332.SH,603332,苏州龙杰,江苏,化纤,20190117,2025-01-09 19:14:53
603333.SH,603333,尚纬股份,四川,电气设备,20120507,2025-01-09 19:14:53
603335.SH,603335,迪生力,广东,汽车配件,20170620,2025-01-09 19:14:53
603336.SH,603336,宏辉果蔬,广东,农业综合,20161124,2025-01-09 19:14:53
603356.SH,603356,华菱精工,安徽,运输设备,20180124,2025-01-09 19:14:53
603359.SH,603359,东珠生态,江苏,建筑工程,20170901,2025-01-09 19:14:53
603365.SH,603365,水星家纺,上海,纺织,20171120,2025-01-09 19:14:53
603378.SH,603378,亚士创能,上海,染料涂料,20170928,2025-01-09 19:14:53
603386.SH,603386,骏亚科技,广东,元器件,20170912,2025-01-09 19:14:53
603389.SH,603389,亚振家居,江苏,家居用品,20161215,2025-01-09 19:14:53
603390.SH,603390,通达电气,广东,汽车配件,20191125,2025-01-09 19:14:53
603399.SH,603399,永杉锂业,辽宁,小金属,20120824,2025-01-09 19:14:53
603421.SH,603421,鼎信通讯,山东,通信设备,20161011,2025-01-09 19:14:53
603429.SH,603429,集友股份,安徽,广告包装,20170124,2025-01-09 19:14:53
603458.SH,603458,勘设股份,贵州,建筑工程,20170809,2025-01-09 19:14:53
603466.SH,603466,风语筑,上海,文教休闲,20171020,2025-01-09 19:14:53
603488.SH,603488,展鹏科技,江苏,运输设备,20170516,2025-01-09 19:14:53
603511.SH,603511,爱慕股份,北京,服饰,20210531,2025-01-09 19:14:53
603517.SH,603517,绝味食品,湖南,食品,20170317,2025-01-09 19:14:53
603518.SH,603518,锦泓集团,江苏,服饰,20141203,2025-01-09 19:14:53
603519.SH,603519,立霸股份,江苏,家用电器,20150319,2025-01-09 19:14:53
603520.SH,603520,司太立,浙江,化学制药,20160309,2025-01-09 19:14:53
603527.SH,603527,众源新材,安徽,铜,20170907,2025-01-09 19:14:53
603528.SH,603528,多伦科技,江苏,软件服务,20160503,2025-01-09 19:14:53
603533.SH,603533,掌阅科技,北京,互联网,20170921,2025-01-09 19:14:53
603535.SH,603535,嘉诚国际,广东,仓储物流,20170808,2025-01-09 19:14:53
603536.SH,603536,惠发食品,山东,食品,20170613,2025-01-09 19:14:53
603569.SH,603569,长久物流,北京,公路,20160810,2025-01-09 19:14:53
603580.SH,603580,艾艾精工,上海,塑料,20170525,2025-01-09 19:14:53
603585.SH,603585,苏利股份,江苏,农药化肥,20161214,2025-01-09 19:14:53
603586.SH,603586,金麒麟,山东,汽车配件,20170406,2025-01-09 19:14:53
603587.SH,603587,地素时尚,上海,服饰,20180622,2025-01-09 19:14:53
603595.SH,603595,东尼电子,浙江,元器件,20170712,2025-01-09 19:14:53
603598.SH,603598,引力传媒,北京,互联网,20150527,2025-01-09 19:14:53
603602.SH,603602,纵横通信,浙江,通信设备,20170810,2025-01-09 19:14:53
603607.SH,603607,京华激光,浙江,造纸,20171025,2025-01-09 19:14:53
603609.SH,603609,禾丰股份,辽宁,饲料,20140808,2025-01-09 19:14:53
603610.SH,603610,麒盛科技,浙江,家居用品,20191029,2025-01-09 19:14:53
603611.SH,603611,诺力股份,浙江,专用机械,20150128,2025-01-09 19:14:53
603612.SH,603612,索通发展,山东,矿物制品,20170718,2025-01-09 19:14:53
603616.SH,603616,韩建河山,北京,水泥,20150611,2025-01-09 19:14:53
603618.SH,603618,杭电股份,浙江,电气设备,20150217,2025-01-09 19:14:53
603626.SH,603626,科森科技,江苏,元器件,20170209,2025-01-09 19:14:53
603628.SH,603628,清源股份,福建,电气设备,20170112,2025-01-09 19:14:53
603630.SH,603630,拉芳家化,广东,日用化工,20170313,2025-01-09 19:14:53
603636.SH,603636,南威软件,福建,软件服务,20141230,2025-01-09 19:14:53
603637.SH,603637,镇海股份,浙江,建筑工程,20170208,2025-01-09 19:14:53
603648.SH,603648,畅联股份,上海,仓储物流,20170913,2025-01-09 19:14:53
603656.SH,603656,泰禾智能,安徽,专用机械,20170321,2025-01-09 19:14:53
603657.SH,603657,春光科技,浙江,家用电器,20180730,2025-01-09 19:14:53
603659.SH,603659,璞泰来,上海,化工原料,20171103,2025-01-09 19:14:53
603660.SH,603660,苏州科达,江苏,IT设备,20161201,2025-01-09 19:14:53
603665.SH,603665,康隆达,浙江,服饰,20170313,2025-01-09 19:14:53
603669.SH,603669,灵康药业,西藏,化学制药,20150528,2025-01-09 19:14:53
603676.SH,603676,卫信康,西藏,化学制药,20170721,2025-01-09 19:14:53
603679.SH,603679,华体科技,四川,电气设备,20170621,2025-01-09 19:14:53
603682.SH,603682,锦和商管,上海,房产服务,20200421,2025-01-09 19:14:53
603686.SH,603686,福龙马,福建,环境保护,20150126,2025-01-09 19:14:53
603696.SH,603696,安记食品,福建,食品,20151209,2025-01-09 19:14:53
603697.SH,603697,有友食品,重庆,食品,20190508,2025-01-09 19:14:53
603698.SH,603698,航天工程,北京,专用机械,20150128,2025-01-09 19:14:53
603701.SH,603701,德宏股份,浙江,汽车配件,20160412,2025-01-09 19:14:53
603703.SH,603703,盛洋科技,浙江,元器件,20150423,2025-01-09 19:14:53
603706.SH,603706,东方环宇,新疆,供气供热,20180709,2025-01-09 19:14:53
603708.SH,603708,家家悦,山东,超市连锁,20161213,2025-01-09 19:14:53
603711.SH,603711,香飘飘,浙江,软饮料,20171130,2025-01-09 19:14:53
603712.SH,603712,七一二,天津,通信设备,20180226,2025-01-09 19:14:53
603716.SH,603716,塞力医疗,湖北,医药商业,20161031,2025-01-09 19:14:53
603717.SH,603717,天域生物,重庆,农业综合,20170327,2025-01-09 19:14:53
603718.SH,603718,海利生物,上海,农业综合,20150515,2025-01-09 19:14:53
603719.SH,603719,良品铺子,湖北,食品,20200224,2025-01-09 19:14:53
603726.SH,603726,朗迪集团,浙江,家用电器,20160421,2025-01-09 19:14:53
603729.SH,603729,龙韵股份,上海,广告包装,20150324,2025-01-09 19:14:53
603739.SH,603739,蔚蓝生物,山东,农业综合,20190116,2025-01-09 19:14:53
603758.SH,603758,秦安股份,重庆,汽车配件,20170517,2025-01-09 19:14:53
603759.SH,603759,海天股份,四川,水务,20210326,2025-01-09 19:14:53
603767.SH,603767,中马传动,浙江,汽车配件,20170613,2025-01-09 19:14:53
603776.SH,603776,永安行,江苏,公共交通,20170817,2025-01-09 19:14:53
603777.SH,603777,来伊份,上海,食品,20161012,2025-01-09 19:14:53
603788.SH,603788,宁波高发,浙江,汽车配件,20150120,2025-01-09 19:14:53
603789.SH,603789,星光农机,浙江,农用机械,20150427,2025-01-09 19:14:53
603790.SH,603790,雅运股份,上海,染料涂料,20180912,2025-01-09 19:14:53
603798.SH,603798,康普顿,山东,石油加工,20160406,2025-01-09 19:14:53
603801.SH,603801,志邦家居,安徽,家居用品,20170630,2025-01-09 19:14:53
603803.SH,603803,瑞斯康达,北京,通信设备,20170420,2025-01-09 19:14:53
603806.SH,603806,福斯特,浙江,塑料,20140905,2025-01-09 19:14:53
603808.SH,603808,歌力思,深圳,服饰,20150422,2025-01-09 19:14:53
603819.SH,603819,神力股份,江苏,电气设备,20161125,2025-01-09 19:14:53
603825.SH,603825,华扬联众,湖南,互联网,20170802,2025-01-09 19:14:53
603838.SH,603838,四通股份,广东,家居用品,20150701,2025-01-09 19:14:53
603839.SH,603839,安正时尚,浙江,服饰,20170214,2025-01-09 19:14:53
603843.SH,603843,正平股份,青海,建筑工程,20160905,2025-01-09 19:14:53
603848.SH,603848,好太太,广东,家居用品,20171201,2025-01-09 19:14:53
603861.SH,603861,白云电器,广东,电气设备,20160322,2025-01-09 19:14:53
603863.SH,603863,松炀资源,广东,造纸,20190621,2025-01-09 19:14:53
603866.SH,603866,桃李面包,辽宁,食品,20151222,2025-01-09 19:14:53
603877.SH,603877,太平鸟,浙江,服饰,20170109,2025-01-09 19:14:53
603878.SH,603878,武进不锈,江苏,钢加工,20161219,2025-01-09 19:14:53
603881.SH,603881,数据港,上海,软件服务,20170208,2025-01-09 19:14:53
603883.SH,603883,老百姓,湖南,医药商业,20150423,2025-01-09 19:14:53
603887.SH,603887,城地香江,上海,软件服务,20161010,2025-01-09 19:14:53
603890.SH,603890,春秋电子,江苏,元器件,20171212,2025-01-09 19:14:53
603900.SH,603900,莱绅通灵,江苏,服饰,20161123,2025-01-09 19:14:53
603901.SH,603901,永创智能,浙江,专用机械,20150529,2025-01-09 19:14:53
603903.SH,603903,中持股份,北京,环境保护,20170314,2025-01-09 19:14:53
603906.SH,603906,龙蟠科技,江苏,电气设备,20170410,2025-01-09 19:14:53
603909.SH,603909,建发合诚,福建,建筑工程,20160628,2025-01-09 19:14:53
603915.SH,603915,国茂股份,江苏,机械基件,20190614,2025-01-09 19:14:53
603917.SH,603917,合力科技,浙江,汽车配件,20171204,2025-01-09 19:14:53
603918.SH,603918,金桥信息,上海,软件服务,20150528,2025-01-09 19:14:53
603928.SH,603928,兴业股份,江苏,化工原料,20161212,2025-01-09 19:14:53
603933.SH,603933,睿能科技,福建,元器件,20170706,2025-01-09 19:14:53
603949.SH,603949,雪龙集团,浙江,汽车配件,20200310,2025-01-09 19:14:53
603955.SH,603955,大千生态,江苏,建筑工程,20170310,2025-01-09 19:14:53
603956.SH,603956,威派格,上海,专用机械,20190222,2025-01-09 19:14:53
603958.SH,603958,哈森股份,江苏,服饰,20160629,2025-01-09 19:14:53
603960.SH,603960,克来机电,上海,汽车配件,20170314,2025-01-09 19:14:53
603969.SH,603969,银龙股份,天津,其他建材,20150227,2025-01-09 19:14:53
603976.SH,603976,正川股份,重庆,医疗保健,20170822,2025-01-09 19:14:53
603977.SH,603977,国泰集团,江西,化工原料,20161111,2025-01-09 19:14:53
603978.SH,603978,深圳新星,深圳,小金属,20170807,2025-01-09 19:14:53
603980.SH,603980,吉华集团,浙江,染料涂料,20170615,2025-01-09 19:14:53
603985.SH,603985,恒润股份,江苏,电气设备,20170505,2025-01-09 19:14:53
603999.SH,603999,读者传媒,甘肃,出版业,20151210,2025-01-09 19:14:53
605001.SH,605001,威奥股份,山东,运输设备,20200522,2025-01-09 19:14:53
605003.SH,605003,众望布艺,浙江,纺织,20200908,2025-01-09 19:14:53
605006.SH,605006,山东玻纤,山东,玻璃,20200903,2025-01-09 19:14:53
605018.SH,605018,长华集团,浙江,汽车配件,20200929,2025-01-09 19:14:53
605020.SH,605020,永和股份,浙江,化工原料,20210709,2025-01-09 19:14:53
605028.SH,605028,世茂能源,浙江,供气供热,20210712,2025-01-09 19:14:53
605050.SH,605050,福然德,上海,仓储物流,20200924,2025-01-09 19:14:53
605055.SH,605055,迎丰股份,浙江,纺织,20210129,2025-01-09 19:14:53
605056.SH,605056,咸亨国际,浙江,电器仪表,20210720,2025-01-09 19:14:53
605066.SH,605066,天正电气,浙江,电气设备,20200807,2025-01-09 19:14:53
605069.SH,605069,正和生态,北京,环境保护,20210816,2025-01-09 19:14:53
605077.SH,605077,华康股份,浙江,食品,20210209,2025-01-09 19:14:53
605081.SH,605081,太和水,上海,环境保护,20210209,2025-01-09 19:14:53
605100.SH,605100,华丰股份,山东,机械基件,20200811,2025-01-09 19:14:53
605122.SH,605122,四方新材,重庆,水泥,20210310,2025-01-09 19:14:53
605136.SH,605136,丽人丽妆,上海,其他商业,20200929,2025-01-09 19:14:53
605151.SH,605151,西上海,上海,汽车配件,20201215,2025-01-09 19:14:53
605155.SH,605155,西大门,浙江,家居用品,20201231,2025-01-09 19:14:53
605158.SH,605158,华达新材,浙江,钢加工,20200805,2025-01-09 19:14:53
605178.SH,605178,时空科技,北京,装修装饰,20200821,2025-01-09 19:14:53
605179.SH,605179,一鸣食品,浙江,乳制品,20201228,2025-01-09 19:14:53
605180.SH,605180,华生科技,浙江,纺织,20210430,2025-01-09 19:14:53
605186.SH,605186,健麾信息,上海,专用机械,20201222,2025-01-09 19:14:53
605188.SH,605188,国光连锁,江西,超市连锁,20200728,2025-01-09 19:14:53
605228.SH,605228,神通科技,浙江,汽车配件,20210120,2025-01-09 19:14:53
605268.SH,605268,王力安防,浙江,家居用品,20210224,2025-01-09 19:14:53
605287.SH,605287,德才股份,山东,装修装饰,20210706,2025-01-09 19:14:53
605298.SH,605298,必得科技,江苏,运输设备,20210301,2025-01-09 19:14:53
605299.SH,605299,舒华体育,福建,文教休闲,20201215,2025-01-09 19:14:53
605300.SH,605300,佳禾食品,江苏,乳制品,20210430,2025-01-09 19:14:53
605303.SH,605303,园林股份,浙江,建筑工程,20210301,2025-01-09 19:14:53
605336.SH,605336,帅丰电器,浙江,家用电器,20201019,2025-01-09 19:14:53
605337.SH,605337,李子园,浙江,乳制品,20210208,2025-01-09 19:14:53
605338.SH,605338,巴比食品,上海,食品,20201012,2025-01-09 19:14:53
605366.SH,605366,宏柏新材,江西,化工原料,20200812,2025-01-09 19:14:53
605388.SH,605388,均瑶健康,湖北,乳制品,20200818,2025-01-09 19:14:53
605398.SH,605398,新炬网络,上海,软件服务,20210121,2025-01-09 19:14:53
605399.SH,605399,晨光新材,江西,化工原料,20200804,2025-01-09 19:14:53
605566.SH,605566,福莱蒽特,浙江,染料涂料,20211025,2025-01-09 19:14:53
605577.SH,605577,龙版传媒,黑龙江,出版业,20210824,2025-01-09 19:14:53
605580.SH,605580,恒盛能源,浙江,供气供热,20210819,2025-01-09 19:14:53
